{"type": "FeatureCollection", "features": [{"type": "Feature", "properties": {"ward_no": 10}, "geometry": {"type": "MultiPolygon", "coordinates": [[[[85.336071, 27.702866], [85.338004, 27.702268], [85.340074, 27.70152], [85.339646, 27.70057], [85.339459, 27.70048], [85.339222, 27.700428], [85.338985, 27.700253], [85.338663, 27.699927], [85.338577, 27.69976], [85.338367, 27.699251], [85.338163, 27.698514], [85.337978, 27.697841], [85.337811, 27.697226], [85.337666, 27.696679], [85.3376, 27.696285], [85.337577, 27.696131], [85.337577, 27.695953], [85.3376, 27.695711], [85.337597, 27.695621], [85.337508, 27.695452], [85.337402, 27.695275], [85.337305, 27.695023], [85.33725, 27.694701], [85.337069, 27.693854], [85.337031, 27.693668], [85.336949, 27.693547], [85.33665, 27.693137], [85.33638, 27.692754], [85.336246, 27.692516], [85.336222, 27.692456], [85.336197, 27.692382], [85.336201, 27.691809], [85.336199, 27.691494], [85.336056, 27.690993], [85.335571, 27.68826], [85.335313, 27.687344], [85.335193, 27.686542], [85.335136, 27.686027], [85.335136, 27.68572], [85.335126, 27.685638], [85.335107, 27.685489], [85.334869, 27.685138], [85.334633, 27.684884], [85.334451, 27.684647], [85.334347, 27.684557], [85.334301, 27.684539], [85.334183, 27.684524], [85.33394, 27.684616], [85.333893, 27.684619], [85.333837, 27.684604], [85.33377, 27.684528], [85.333323, 27.683855], [85.333317, 27.683714], [85.333342, 27.683438], [85.33331, 27.683247], [85.333153, 27.682837], [85.332755, 27.682246], [85.332298, 27.681709], [85.331877, 27.681269], [85.331304, 27.680885], [85.330357, 27.680306], [85.329181, 27.682038], [85.328652, 27.683285], [85.328354, 27.684082], [85.327408, 27.685539], [85.32679, 27.686003], [85.326129, 27.686296], [85.325395, 27.686502], [85.324336, 27.686694], [85.324534, 27.686968], [85.324936, 27.687698], [85.325027, 27.687751], [85.325214, 27.687811], [85.325674, 27.687774], [85.326233, 27.687753], [85.326703, 27.687743], [85.326857, 27.68771], [85.326981, 27.687596], [85.327105, 27.687465], [85.327254, 27.687381], [85.327401, 27.687366], [85.327537, 27.687398], [85.327619, 27.687467], [85.327726, 27.687715], [85.32788, 27.688099], [85.328053, 27.688539], [85.328169, 27.688876], [85.328259, 27.689242], [85.328265, 27.689639], [85.328255, 27.689928], [85.328256, 27.690033], [85.328335, 27.690388], [85.328343, 27.690756], [85.328373, 27.691091], [85.328469, 27.691552], [85.328623, 27.691888], [85.328803, 27.692175], [85.329033, 27.692581], [85.329329, 27.693238], [85.329438, 27.69348], [85.329628, 27.69375], [85.329846, 27.694159], [85.329871, 27.694324], [85.329815, 27.694421], [85.329487, 27.69464], [85.32926, 27.694791], [85.329178, 27.694855], [85.329113, 27.694965], [85.329052, 27.695101], [85.32903, 27.695206], [85.329062, 27.695294], [85.329191, 27.695409], [85.32945, 27.69554], [85.329734, 27.695664], [85.329926, 27.695714], [85.330131, 27.695738], [85.330266, 27.695776], [85.330432, 27.695825], [85.330605, 27.695907], [85.330716, 27.696008], [85.330856, 27.69616], [85.331014, 27.696363], [85.331176, 27.696571], [85.331326, 27.696764], [85.331677, 27.697216], [85.3318, 27.697374], [85.331835, 27.697509], [85.331766, 27.697673], [85.331654, 27.697772], [85.331377, 27.697936], [85.331082, 27.698081], [85.330818, 27.698373], [85.330602, 27.69856], [85.33044, 27.698715], [85.33039, 27.698798], [85.330365, 27.698862], [85.330352, 27.698932], [85.330421, 27.699182], [85.330556, 27.699416], [85.330719, 27.699596], [85.33104, 27.699792], [85.331199, 27.699889], [85.331416, 27.69989], [85.331736, 27.699847], [85.332058, 27.699833], [85.33237, 27.699826], [85.332693, 27.699868], [85.333049, 27.699901], [85.333314, 27.699949], [85.333521, 27.699989], [85.333765, 27.700137], [85.334038, 27.7003], [85.334483, 27.700586], [85.335117, 27.701189], [85.335441, 27.70158], [85.335578, 27.701825], [85.335755, 27.702137], [85.336071, 27.702866]]]]}}, {"type": "Feature", "properties": {"ward_no": 30}, "geometry": {"type": "MultiPolygon", "coordinates": [[[[85.336071, 27.702866], [85.333754, 27.703566], [85.332627, 27.703906], [85.330956, 27.704411], [85.32968, 27.704779], [85.328304, 27.705125], [85.32759, 27.705333], [85.32728, 27.705348], [85.326318, 27.705322], [85.325913, 27.705379], [85.32532, 27.70549], [85.324414, 27.70559], [85.322878, 27.705606], [85.322877, 27.705641], [85.322874, 27.706423], [85.322831, 27.70671], [85.323, 27.707051], [85.323244, 27.707379], [85.323313, 27.707495], [85.3234, 27.707781], [85.323543, 27.708013], [85.323705, 27.708487], [85.323753, 27.708595], [85.323806, 27.708674], [85.323878, 27.708706], [85.324028, 27.708752], [85.324172, 27.708775], [85.324348, 27.708807], [85.324405, 27.708833], [85.324617, 27.708983], [85.32475, 27.70909], [85.324908, 27.709169], [85.325097, 27.709212], [85.325278, 27.709247], [85.325431, 27.709265], [85.325686, 27.709275], [85.326091, 27.709279], [85.326122, 27.709372], [85.326171, 27.709539], [85.326201, 27.7097], [85.326244, 27.709889], [85.32782, 27.709542], [85.329893, 27.709053], [85.330753, 27.708906], [85.330806, 27.709026], [85.330906, 27.709184], [85.330963, 27.709278], [85.330925, 27.709353], [85.330901, 27.709428], [85.330895, 27.709491], [85.330964, 27.709656], [85.331057, 27.709915], [85.331177, 27.710217], [85.331334, 27.710633], [85.331435, 27.71089], [85.33153, 27.711147], [85.331651, 27.711433], [85.331716, 27.71163], [85.331811, 27.711964], [85.333178, 27.711603], [85.333608, 27.71148], [85.333783, 27.711447], [85.333809, 27.711453], [85.333885, 27.711541], [85.334033, 27.711828], [85.33434, 27.712271], [85.334485, 27.712456], [85.33455, 27.712499], [85.334596, 27.712506], [85.334684, 27.712497], [85.334929, 27.712412], [85.335723, 27.712161], [85.33674, 27.711861], [85.33685, 27.711861], [85.337038, 27.711874], [85.337459, 27.711824], [85.33735, 27.711532], [85.337299, 27.710651], [85.337169, 27.709923], [85.337092, 27.709166], [85.336958, 27.708714], [85.336836, 27.708057], [85.336628, 27.706888], [85.33656, 27.706306], [85.336489, 27.705845], [85.336309, 27.705346], [85.336263, 27.70495], [85.336173, 27.703968], [85.336071, 27.702866]]]]}}, {"type": "Feature", "properties": {"ward_no": 31}, "geometry": {"type": "MultiPolygon", "coordinates": [[[[85.340074, 27.70152], [85.341042, 27.701129], [85.342019, 27.700759], [85.343398, 27.700237], [85.344136, 27.699908], [85.344512, 27.699635], [85.344639, 27.699522], [85.34501, 27.699391], [85.345262, 27.699325], [85.346147, 27.699194], [85.346788, 27.69902], [85.346642, 27.698728], [85.346544, 27.698356], [85.346493, 27.697927], [85.346642, 27.697558], [85.347591, 27.69646], [85.348314, 27.695833], [85.349268, 27.695306], [85.34953, 27.69521], [85.350649, 27.694982], [85.351316, 27.69466], [85.351559, 27.694468], [85.35181, 27.693984], [85.351896, 27.693652], [85.351754, 27.693218], [85.351439, 27.692711], [85.351244, 27.69234], [85.350979, 27.692078], [85.350672, 27.691896], [85.350129, 27.69179], [85.34968, 27.691627], [85.349436, 27.691491], [85.349204, 27.691147], [85.348927, 27.690951], [85.348729, 27.690875], [85.348381, 27.690845], [85.348096, 27.690749], [85.348008, 27.690656], [85.347967, 27.690542], [85.348115, 27.690078], [85.348218, 27.689694], [85.34834, 27.689208], [85.348403, 27.688889], [85.348358, 27.688691], [85.348314, 27.688538], [85.34816, 27.688303], [85.347838, 27.688077], [85.347636, 27.687961], [85.347393, 27.687925], [85.346936, 27.687978], [85.346562, 27.687941], [85.346112, 27.687832], [85.345723, 27.68768], [85.345499, 27.687497], [85.345293, 27.687225], [85.345038, 27.686984], [85.344772, 27.686831], [85.34423, 27.686675], [85.34381, 27.686407], [85.34338, 27.685833], [85.343298, 27.685174], [85.343234, 27.684328], [85.34311, 27.683987], [85.342998, 27.683844], [85.342384, 27.683241], [85.341916, 27.682568], [85.341531, 27.682051], [85.341388, 27.681915], [85.341276, 27.681836], [85.341067, 27.681819], [85.340853, 27.681899], [85.340542, 27.68217], [85.340318, 27.682615], [85.339996, 27.682817], [85.339595, 27.682824], [85.339109, 27.682694], [85.33833, 27.682336], [85.337885, 27.681919], [85.337215, 27.681037], [85.336941, 27.68049], [85.336792, 27.680168], [85.336612, 27.679681], [85.336279, 27.679366], [85.336006, 27.679247], [85.335302, 27.679187], [85.334935, 27.679171], [85.33349, 27.678637], [85.332428, 27.678796], [85.331744, 27.679086], [85.331077, 27.679474], [85.330357, 27.680306], [85.330616, 27.680465], [85.330882, 27.680627], [85.33127, 27.680864], [85.331314, 27.680891], [85.331376, 27.680934], [85.331581, 27.681071], [85.331877, 27.681269], [85.332148, 27.681553], [85.332526, 27.681977], [85.332755, 27.682246], [85.332794, 27.682305], [85.333153, 27.682837], [85.33331, 27.683247], [85.333342, 27.683438], [85.333317, 27.683714], [85.333323, 27.683855], [85.33377, 27.684528], [85.333837, 27.684604], [85.333893, 27.684619], [85.33394, 27.684616], [85.334183, 27.684524], [85.334301, 27.684539], [85.334347, 27.684557], [85.334451, 27.684647], [85.334633, 27.684884], [85.334869, 27.685138], [85.335107, 27.685489], [85.335136, 27.68572], [85.335136, 27.686027], [85.335193, 27.686542], [85.335313, 27.687344], [85.335571, 27.68826], [85.336056, 27.690993], [85.336199, 27.691494], [85.336201, 27.691809], [85.336197, 27.692382], [85.336222, 27.692456], [85.336246, 27.692516], [85.33638, 27.692754], [85.33665, 27.693137], [85.336949, 27.693547], [85.337031, 27.693668], [85.337069, 27.693854], [85.33725, 27.694701], [85.337305, 27.695023], [85.337402, 27.695275], [85.337597, 27.695621], [85.3376, 27.695711], [85.337577, 27.695953], [85.337577, 27.696131], [85.3376, 27.696285], [85.337666, 27.696679], [85.337811, 27.697226], [85.337978, 27.697841], [85.338163, 27.698514], [85.338367, 27.699251], [85.338663, 27.699927], [85.338985, 27.700253], [85.339222, 27.700428], [85.339459, 27.70048], [85.339646, 27.70057], [85.340074, 27.70152]]]]}}, {"type": "Feature", "properties": {"ward_no": 29}, "geometry": {"type": "MultiPolygon", "coordinates": [[[[85.328968, 27.692466], [85.328448, 27.692657], [85.327978, 27.692919], [85.32759, 27.693142], [85.327516, 27.693199], [85.327469, 27.693269], [85.327222, 27.69336], [85.326555, 27.693557], [85.32605, 27.693708], [85.325877, 27.693891], [85.325823, 27.693989], [85.32565, 27.694073], [85.325118, 27.69419], [85.324054, 27.694419], [85.323062, 27.69464], [85.322176, 27.694817], [85.320886, 27.695067], [85.321843, 27.699519], [85.322186, 27.701037], [85.322326, 27.701909], [85.322573, 27.703624], [85.322878, 27.705606], [85.324414, 27.70559], [85.32532, 27.70549], [85.325913, 27.705379], [85.326318, 27.705322], [85.32728, 27.705348], [85.32759, 27.705333], [85.328304, 27.705125], [85.32968, 27.704779], [85.330956, 27.704411], [85.332627, 27.703906], [85.333754, 27.703566], [85.334656, 27.703294], [85.336071, 27.702866], [85.335755, 27.702137], [85.335441, 27.70158], [85.335117, 27.701189], [85.334483, 27.700586], [85.334038, 27.7003], [85.333765, 27.700137], [85.333521, 27.699989], [85.333314, 27.699949], [85.333049, 27.699901], [85.332693, 27.699868], [85.33237, 27.699826], [85.332058, 27.699833], [85.331736, 27.699847], [85.331416, 27.69989], [85.331199, 27.699889], [85.33104, 27.699792], [85.330719, 27.699596], [85.330556, 27.699416], [85.330421, 27.699182], [85.330352, 27.698932], [85.330365, 27.698862], [85.33039, 27.698798], [85.33044, 27.698715], [85.330602, 27.69856], [85.330818, 27.698373], [85.331082, 27.698081], [85.331377, 27.697936], [85.331654, 27.697772], [85.331766, 27.697673], [85.331835, 27.697509], [85.3318, 27.697374], [85.331677, 27.697216], [85.331326, 27.696764], [85.331176, 27.696571], [85.331014, 27.696363], [85.330856, 27.69616], [85.330716, 27.696008], [85.330605, 27.695907], [85.330432, 27.695825], [85.330266, 27.695776], [85.330131, 27.695738], [85.329926, 27.695714], [85.329734, 27.695664], [85.32945, 27.69554], [85.329191, 27.695409], [85.329062, 27.695294], [85.32903, 27.695206], [85.329052, 27.695101], [85.329113, 27.694965], [85.329178, 27.694855], [85.32926, 27.694791], [85.329487, 27.69464], [85.329815, 27.694421], [85.329871, 27.694324], [85.329846, 27.694159], [85.329628, 27.69375], [85.329438, 27.69348], [85.329329, 27.693238], [85.329033, 27.692581], [85.328968, 27.692466]]]]}}, {"type": "Feature", "properties": {"ward_no": 7}, "geometry": {"type": "MultiPolygon", "coordinates": [[[[85.337459, 27.711824], [85.337865, 27.712454], [85.338043, 27.712785], [85.338182, 27.713185], [85.33836, 27.713804], [85.338374, 27.714216], [85.338443, 27.71462], [85.338563, 27.71505], [85.338617, 27.715161], [85.338779, 27.715628], [85.338821, 27.715849], [85.338964, 27.716389], [85.339118, 27.716969], [85.339289, 27.7175], [85.339506, 27.717956], [85.339728, 27.718237], [85.340342, 27.718672], [85.340735, 27.718901], [85.340983, 27.719053], [85.341261, 27.719165], [85.341523, 27.719235], [85.341814, 27.719317], [85.34194, 27.719416], [85.342023, 27.719503], [85.342062, 27.719604], [85.342083, 27.719819], [85.342041, 27.719981], [85.341976, 27.7201], [85.341789, 27.720262], [85.341553, 27.720405], [85.341442, 27.720543], [85.341408, 27.720635], [85.341442, 27.720711], [85.341536, 27.720784], [85.341712, 27.720981], [85.341898, 27.721198], [85.342078, 27.721427], [85.342169, 27.721617], [85.342297, 27.721883], [85.342421, 27.722141], [85.342546, 27.722207], [85.342731, 27.722182], [85.342942, 27.72209], [85.343192, 27.721977], [85.34347, 27.721885], [85.343646, 27.721865], [85.343956, 27.72192], [85.344532, 27.721854], [85.345132, 27.721901], [85.345555, 27.722], [85.345687, 27.722074], [85.345787, 27.722389], [85.345877, 27.722701], [85.346037, 27.722949], [85.346141, 27.723191], [85.346187, 27.723626], [85.346263, 27.723792], [85.346369, 27.723889], [85.346568, 27.723962], [85.346969, 27.723962], [85.347468, 27.723921], [85.347682, 27.723943], [85.347939, 27.724091], [85.348347, 27.724398], [85.348816, 27.724733], [85.349082, 27.725035], [85.349129, 27.725221], [85.3491, 27.725448], [85.349024, 27.725656], [85.348876, 27.725945], [85.348818, 27.726239], [85.348839, 27.726585], [85.348984, 27.727072], [85.34948, 27.726969], [85.350221, 27.726892], [85.350489, 27.726916], [85.350475, 27.726771], [85.350366, 27.726406], [85.350037, 27.725685], [85.349859, 27.725304], [85.349827, 27.725173], [85.349718, 27.724607], [85.349462, 27.72458], [85.349429, 27.724222], [85.349346, 27.723652], [85.349216, 27.723104], [85.349064, 27.722742], [85.348872, 27.722313], [85.348561, 27.722131], [85.348245, 27.721943], [85.348433, 27.721657], [85.348195, 27.721494], [85.347973, 27.72133], [85.347853, 27.72119], [85.347851, 27.721152], [85.347928, 27.721012], [85.34804, 27.720831], [85.348125, 27.720612], [85.348549, 27.720676], [85.348734, 27.72067], [85.3489, 27.720631], [85.349318, 27.720526], [85.349376, 27.720714], [85.349724, 27.720639], [85.349961, 27.720601], [85.349755, 27.720238], [85.3497, 27.719937], [85.349678, 27.719502], [85.349669, 27.71919], [85.349619, 27.718846], [85.349626, 27.718697], [85.350395, 27.719105], [85.351079, 27.719361], [85.351509, 27.719415], [85.352034, 27.719383], [85.353101, 27.719322], [85.35403, 27.719329], [85.354739, 27.71938], [85.355452, 27.719534], [85.356555, 27.719851], [85.357894, 27.720126], [85.357475, 27.719645], [85.357243, 27.719409], [85.35691, 27.718996], [85.357132, 27.718882], [85.357353, 27.718782], [85.357316, 27.718575], [85.357562, 27.718508], [85.357837, 27.718532], [85.357886, 27.718434], [85.35785, 27.71841], [85.357741, 27.718349], [85.357655, 27.718277], [85.357515, 27.718136], [85.35739, 27.717938], [85.357272, 27.717659], [85.3573, 27.717586], [85.357343, 27.717466], [85.357352, 27.717368], [85.357407, 27.717267], [85.357407, 27.717163], [85.357381, 27.716995], [85.357411, 27.716911], [85.357507, 27.716656], [85.357393, 27.716456], [85.357317, 27.716244], [85.357195, 27.715786], [85.3571, 27.715565], [85.356896, 27.715288], [85.356643, 27.714971], [85.356514, 27.714875], [85.356162, 27.714779], [85.355633, 27.714551], [85.355481, 27.714499], [85.355254, 27.714354], [85.354735, 27.714135], [85.354283, 27.714081], [85.353656, 27.714076], [85.353332, 27.714017], [85.353076, 27.713919], [85.352797, 27.713765], [85.352537, 27.713637], [85.351717, 27.713628], [85.350974, 27.713634], [85.350642, 27.713605], [85.350424, 27.713512], [85.350247, 27.713337], [85.349924, 27.71339], [85.349614, 27.713386], [85.34943, 27.713307], [85.349197, 27.713211], [85.348605, 27.713056], [85.348155, 27.712927], [85.347845, 27.712769], [85.347614, 27.712541], [85.347532, 27.712402], [85.347319, 27.712008], [85.347188, 27.711667], [85.347213, 27.711356], [85.346782, 27.711485], [85.346759, 27.711471], [85.34665, 27.711361], [85.346553, 27.711387], [85.346316, 27.711492], [85.345828, 27.711644], [85.345365, 27.711804], [85.34497, 27.711935], [85.344753, 27.712009], [85.344741, 27.711984], [85.344471, 27.71204], [85.344204, 27.712048], [85.344095, 27.712058], [85.344172, 27.712215], [85.343849, 27.712356], [85.343896, 27.71243], [85.344049, 27.71269], [85.343834, 27.712747], [85.343729, 27.712793], [85.343476, 27.712864], [85.343236, 27.712944], [85.342765, 27.713086], [85.342485, 27.713209], [85.342443, 27.713165], [85.342415, 27.713134], [85.342376, 27.713145], [85.342345, 27.713069], [85.342322, 27.713004], [85.342324, 27.712966], [85.342299, 27.712945], [85.342222, 27.712974], [85.342188, 27.712889], [85.34212, 27.712807], [85.342058, 27.712719], [85.342045, 27.712724], [85.341846, 27.712361], [85.341785, 27.712376], [85.341738, 27.712264], [85.341775, 27.712254], [85.341638, 27.711984], [85.34156, 27.712006], [85.34143, 27.71174], [85.341518, 27.711701], [85.341354, 27.711388], [85.341267, 27.711229], [85.341164, 27.710994], [85.341158, 27.710854], [85.341195, 27.710731], [85.340727, 27.709084], [85.34084, 27.708101], [85.340475, 27.708005], [85.340007, 27.707964], [85.339452, 27.707946], [85.33845, 27.707973], [85.337576, 27.70801], [85.336836, 27.708057], [85.336958, 27.708714], [85.337092, 27.709166], [85.337169, 27.709923], [85.337299, 27.710651], [85.33735, 27.711532], [85.337459, 27.711824]]]]}}, {"type": "Feature", "properties": {"ward_no": 9}, "geometry": {"type": "MultiPolygon", "coordinates": [[[[85.348314, 27.688538], [85.348358, 27.688691], [85.348403, 27.688889], [85.34834, 27.689208], [85.348218, 27.689694], [85.348115, 27.690078], [85.347967, 27.690542], [85.348008, 27.690656], [85.348096, 27.690749], [85.348381, 27.690845], [85.348729, 27.690875], [85.348927, 27.690951], [85.349204, 27.691147], [85.349436, 27.691491], [85.34968, 27.691627], [85.350129, 27.69179], [85.350672, 27.691896], [85.350979, 27.692078], [85.351244, 27.69234], [85.351439, 27.692711], [85.351754, 27.693218], [85.351896, 27.693652], [85.35181, 27.693984], [85.351559, 27.694468], [85.351316, 27.69466], [85.350649, 27.694982], [85.34953, 27.69521], [85.349268, 27.695306], [85.348314, 27.695833], [85.347591, 27.69646], [85.346642, 27.697558], [85.346493, 27.697927], [85.346544, 27.698356], [85.346642, 27.698728], [85.346788, 27.69902], [85.346147, 27.699194], [85.345262, 27.699325], [85.34501, 27.699391], [85.344639, 27.699522], [85.344512, 27.699635], [85.344136, 27.699908], [85.343398, 27.700237], [85.342019, 27.700759], [85.341042, 27.701129], [85.340074, 27.70152], [85.338004, 27.702268], [85.336071, 27.702866], [85.336173, 27.703968], [85.336263, 27.70495], [85.336309, 27.705346], [85.336489, 27.705845], [85.33656, 27.706306], [85.336628, 27.706888], [85.336836, 27.708057], [85.337576, 27.70801], [85.33845, 27.707973], [85.339452, 27.707946], [85.340007, 27.707964], [85.340475, 27.708005], [85.34084, 27.708101], [85.341245, 27.70813], [85.34224, 27.708065], [85.343136, 27.707807], [85.343347, 27.707844], [85.343863, 27.7076], [85.345236, 27.706484], [85.345276, 27.706897], [85.346578, 27.706116], [85.347277, 27.705891], [85.347841, 27.705834], [85.347306, 27.705735], [85.347439, 27.705408], [85.347824, 27.704857], [85.348014, 27.704429], [85.348386, 27.703911], [85.348776, 27.703436], [85.349, 27.703109], [85.348838, 27.702904], [85.348666, 27.702484], [85.34889, 27.70234], [85.348774, 27.702115], [85.348746, 27.702021], [85.349322, 27.701713], [85.349431, 27.701436], [85.349744, 27.701375], [85.350109, 27.701372], [85.350615, 27.7016], [85.35123, 27.701901], [85.351791, 27.702199], [85.352348, 27.702465], [85.352254, 27.702602], [85.352623, 27.702698], [85.353097, 27.702721], [85.353426, 27.702308], [85.353824, 27.701728], [85.354367, 27.701641], [85.354739, 27.70167], [85.355463, 27.701427], [85.355785, 27.701308], [85.356222, 27.701337], [85.356609, 27.701504], [85.356845, 27.701994], [85.357054, 27.702413], [85.357738, 27.702164], [85.358176, 27.702071], [85.358831, 27.701792], [85.359597, 27.701574], [85.360364, 27.70177], [85.360578, 27.701943], [85.360806, 27.701971], [85.361001, 27.701907], [85.361243, 27.701558], [85.362254, 27.70133], [85.362464, 27.701269], [85.362249, 27.700764], [85.362695, 27.700513], [85.363978, 27.697251], [85.364024, 27.696905], [85.364001, 27.696525], [85.363826, 27.69618], [85.363509, 27.695899], [85.362969, 27.695638], [85.36263, 27.695344], [85.362188, 27.694682], [85.361963, 27.69463], [85.361431, 27.694807], [85.360726, 27.69505], [85.360531, 27.695217], [85.360285, 27.695617], [85.360141, 27.695389], [85.359208, 27.694698], [85.358496, 27.693137], [85.357654, 27.691325], [85.357021, 27.690024], [85.355918, 27.687551], [85.35382, 27.682884], [85.353745, 27.682712], [85.353719, 27.682615], [85.352052, 27.68307], [85.350605, 27.683413], [85.349463, 27.682784], [85.349378, 27.68405], [85.349396, 27.684734], [85.349611, 27.685504], [85.350017, 27.686405], [85.350498, 27.687276], [85.350865, 27.687827], [85.351351, 27.688723], [85.351159, 27.688806], [85.351057, 27.688764], [85.350991, 27.688722], [85.350832, 27.688759], [85.350462, 27.688867], [85.350153, 27.68898], [85.34981, 27.68898], [85.349467, 27.688972], [85.34917, 27.688932], [85.348848, 27.688957], [85.348834, 27.688978], [85.348921, 27.689111], [85.349034, 27.689333], [85.34861, 27.689352], [85.348626, 27.688965], [85.348614, 27.688707], [85.348518, 27.68848], [85.348314, 27.688538]]]]}}, {"type": "Feature", "properties": {"ward_no": 32}, "geometry": {"type": "MultiPolygon", "coordinates": [[[[85.362426, 27.695039], [85.362926, 27.695207], [85.364506, 27.695739], [85.365302, 27.696035], [85.365753, 27.696191], [85.366037, 27.6964], [85.366301, 27.696609], [85.366535, 27.696679], [85.366764, 27.696646], [85.366774, 27.696585], [85.367039, 27.69643], [85.367116, 27.696283], [85.367115, 27.695988], [85.367023, 27.695742], [85.367054, 27.695591], [85.367139, 27.695244], [85.367291, 27.695251], [85.367377, 27.695088], [85.367509, 27.694888], [85.367467, 27.694759], [85.367375, 27.694579], [85.367347, 27.694464], [85.367381, 27.694285], [85.367396, 27.694114], [85.367474, 27.694042], [85.367467, 27.693842], [85.367441, 27.693734], [85.367408, 27.693519], [85.367518, 27.693338], [85.36763, 27.693085], [85.367672, 27.692955], [85.367627, 27.692706], [85.367781, 27.692673], [85.367852, 27.692585], [85.367929, 27.692448], [85.368012, 27.692384], [85.36829, 27.692335], [85.368366, 27.692235], [85.368376, 27.692126], [85.368334, 27.691902], [85.368359, 27.691716], [85.368408, 27.691525], [85.368563, 27.691335], [85.368781, 27.691365], [85.368885, 27.691349], [85.369086, 27.691234], [85.369362, 27.691197], [85.369673, 27.691188], [85.369779, 27.691132], [85.369908, 27.69091], [85.370059, 27.690431], [85.370139, 27.690089], [85.370134, 27.689889], [85.369975, 27.689779], [85.369868, 27.689268], [85.369366, 27.689334], [85.368907, 27.689209], [85.368077, 27.688623], [85.367555, 27.6882], [85.366575, 27.687794], [85.365983, 27.687465], [85.36533, 27.686738], [85.364659, 27.686097], [85.363269, 27.684291], [85.362528, 27.683724], [85.361851, 27.683307], [85.361601, 27.682859], [85.361327, 27.68243], [85.360697, 27.682119], [85.359641, 27.681952], [85.3587, 27.681907], [85.357561, 27.681731], [85.356562, 27.68152], [85.355951, 27.681184], [85.355604, 27.680838], [85.35555, 27.680559], [85.35563, 27.679959], [85.355698, 27.679208], [85.355574, 27.678677], [85.355161, 27.677946], [85.355201, 27.677606], [85.355455, 27.677005], [85.355641, 27.676405], [85.355596, 27.675954], [85.355308, 27.674839], [85.354827, 27.673477], [85.354341, 27.672541], [85.35385, 27.67177], [85.35292, 27.670833], [85.352471, 27.670429], [85.352399, 27.670186], [85.352366, 27.669584], [85.352341, 27.668686], [85.352182, 27.66807], [85.351758, 27.667935], [85.351351, 27.668], [85.350877, 27.668196], [85.350441, 27.668181], [85.349876, 27.66816], [85.348729, 27.668406], [85.348045, 27.668666], [85.347073, 27.669267], [85.346157, 27.670063], [85.344964, 27.671224], [85.343077, 27.67234], [85.341844, 27.673031], [85.340788, 27.673817], [85.339872, 27.674778], [85.338204, 27.675569], [85.337571, 27.675939], [85.336531, 27.67681], [85.335633, 27.677476], [85.335096, 27.677987], [85.334395, 27.678322], [85.33349, 27.678637], [85.334935, 27.679171], [85.335302, 27.679187], [85.336006, 27.679247], [85.336279, 27.679366], [85.336612, 27.679681], [85.336792, 27.680168], [85.336941, 27.68049], [85.337215, 27.681037], [85.337885, 27.681919], [85.33833, 27.682336], [85.339109, 27.682694], [85.339595, 27.682824], [85.339996, 27.682817], [85.340318, 27.682615], [85.340542, 27.68217], [85.340853, 27.681899], [85.341067, 27.681819], [85.341276, 27.681836], [85.341388, 27.681915], [85.341531, 27.682051], [85.341916, 27.682568], [85.342384, 27.683241], [85.342998, 27.683844], [85.34311, 27.683987], [85.343234, 27.684328], [85.343298, 27.685174], [85.34338, 27.685833], [85.34381, 27.686407], [85.34423, 27.686675], [85.344772, 27.686831], [85.345038, 27.686984], [85.345293, 27.687225], [85.345499, 27.687497], [85.345723, 27.68768], [85.346112, 27.687832], [85.346562, 27.687941], [85.346936, 27.687978], [85.347393, 27.687925], [85.347636, 27.687961], [85.347838, 27.688077], [85.34816, 27.688303], [85.348314, 27.688538], [85.348518, 27.68848], [85.348614, 27.688707], [85.348626, 27.688965], [85.34861, 27.689352], [85.349034, 27.689333], [85.348921, 27.689111], [85.348834, 27.688978], [85.348848, 27.688957], [85.34917, 27.688932], [85.349467, 27.688972], [85.34981, 27.68898], [85.350153, 27.68898], [85.350462, 27.688867], [85.350832, 27.688759], [85.350991, 27.688722], [85.351057, 27.688764], [85.351159, 27.688806], [85.351351, 27.688723], [85.350865, 27.687827], [85.350498, 27.687276], [85.350017, 27.686405], [85.349611, 27.685504], [85.349396, 27.684734], [85.349378, 27.68405], [85.349463, 27.682784], [85.350605, 27.683413], [85.352052, 27.68307], [85.353719, 27.682615], [85.353745, 27.682712], [85.35382, 27.682884], [85.355918, 27.687551], [85.357021, 27.690024], [85.357654, 27.691325], [85.358496, 27.693137], [85.359208, 27.694698], [85.360141, 27.695389], [85.360285, 27.695617], [85.360531, 27.695217], [85.360726, 27.69505], [85.361431, 27.694807], [85.361963, 27.69463], [85.362188, 27.694682], [85.362426, 27.695039]]]]}}, {"type": "Feature", "properties": {"ward_no": 8}, "geometry": {"type": "MultiPolygon", "coordinates": [[[[85.366321, 27.711364], [85.367172, 27.711022], [85.367175, 27.709421], [85.367534, 27.708605], [85.368105, 27.707901], [85.368856, 27.706444], [85.3685, 27.705753], [85.368104, 27.704952], [85.36789, 27.704582], [85.367183, 27.704267], [85.367025, 27.704087], [85.36646, 27.703081], [85.366115, 27.70249], [85.365787, 27.702265], [85.365295, 27.7021], [85.364561, 27.701985], [85.364408, 27.7019], [85.364238, 27.70173], [85.364267, 27.701214], [85.364408, 27.700103], [85.364634, 27.699463], [85.364917, 27.698657], [85.365194, 27.698267], [85.365708, 27.697651], [85.365945, 27.697105], [85.366301, 27.696609], [85.366037, 27.6964], [85.365753, 27.696191], [85.365302, 27.696035], [85.364506, 27.695739], [85.362926, 27.695207], [85.362426, 27.695039], [85.36263, 27.695344], [85.362969, 27.695638], [85.363509, 27.695899], [85.363826, 27.69618], [85.364001, 27.696525], [85.364024, 27.696905], [85.363978, 27.697251], [85.362695, 27.700513], [85.362249, 27.700764], [85.362464, 27.701269], [85.362254, 27.70133], [85.361243, 27.701558], [85.361001, 27.701907], [85.360806, 27.701971], [85.360578, 27.701943], [85.360364, 27.70177], [85.359597, 27.701574], [85.358831, 27.701792], [85.358176, 27.702071], [85.357738, 27.702164], [85.357054, 27.702413], [85.356845, 27.701994], [85.356609, 27.701504], [85.356222, 27.701337], [85.355785, 27.701308], [85.355463, 27.701427], [85.354739, 27.70167], [85.354367, 27.701641], [85.353824, 27.701728], [85.353426, 27.702308], [85.353097, 27.702721], [85.352623, 27.702698], [85.352254, 27.702602], [85.352348, 27.702465], [85.351791, 27.702199], [85.35123, 27.701901], [85.350615, 27.7016], [85.350109, 27.701372], [85.349744, 27.701375], [85.349431, 27.701436], [85.349322, 27.701713], [85.348746, 27.702021], [85.348774, 27.702115], [85.34889, 27.70234], [85.348666, 27.702484], [85.348838, 27.702904], [85.349, 27.703109], [85.348776, 27.703436], [85.348386, 27.703911], [85.348014, 27.704429], [85.347824, 27.704857], [85.347439, 27.705408], [85.347306, 27.705735], [85.347841, 27.705834], [85.347277, 27.705891], [85.346578, 27.706116], [85.345276, 27.706897], [85.345236, 27.706484], [85.343863, 27.7076], [85.343347, 27.707844], [85.343136, 27.707807], [85.34224, 27.708065], [85.341245, 27.70813], [85.34084, 27.708101], [85.340727, 27.709084], [85.341195, 27.710731], [85.341158, 27.710854], [85.341164, 27.710994], [85.341267, 27.711229], [85.341354, 27.711388], [85.341518, 27.711701], [85.34143, 27.71174], [85.34156, 27.712006], [85.341638, 27.711984], [85.341775, 27.712254], [85.341738, 27.712264], [85.341785, 27.712376], [85.341846, 27.712361], [85.342045, 27.712724], [85.342058, 27.712719], [85.34212, 27.712807], [85.342188, 27.712889], [85.342222, 27.712974], [85.342299, 27.712945], [85.342324, 27.712966], [85.342322, 27.713004], [85.342345, 27.713069], [85.342376, 27.713145], [85.342415, 27.713134], [85.342443, 27.713165], [85.342485, 27.713209], [85.342765, 27.713086], [85.343236, 27.712944], [85.343476, 27.712864], [85.343729, 27.712793], [85.343834, 27.712747], [85.344049, 27.71269], [85.343896, 27.71243], [85.343849, 27.712356], [85.344172, 27.712215], [85.344095, 27.712058], [85.344204, 27.712048], [85.344471, 27.71204], [85.344741, 27.711984], [85.344753, 27.712009], [85.34497, 27.711935], [85.345365, 27.711804], [85.345828, 27.711644], [85.346316, 27.711492], [85.346553, 27.711387], [85.34665, 27.711361], [85.346759, 27.711471], [85.346782, 27.711485], [85.347213, 27.711356], [85.347188, 27.711667], [85.347319, 27.712008], [85.347532, 27.712402], [85.347614, 27.712541], [85.347845, 27.712769], [85.348155, 27.712927], [85.348605, 27.713056], [85.349197, 27.713211], [85.34943, 27.713307], [85.349614, 27.713386], [85.349924, 27.71339], [85.350247, 27.713337], [85.350424, 27.713512], [85.350642, 27.713605], [85.350974, 27.713634], [85.351717, 27.713628], [85.352537, 27.713637], [85.352797, 27.713765], [85.353076, 27.713919], [85.353332, 27.714017], [85.353656, 27.714076], [85.354283, 27.714081], [85.354735, 27.714135], [85.355254, 27.714354], [85.355481, 27.714499], [85.355633, 27.714551], [85.35564, 27.714555], [85.355807, 27.714392], [85.355849, 27.714367], [85.356089, 27.714263], [85.356177, 27.714248], [85.356379, 27.714226], [85.356558, 27.714163], [85.356759, 27.714083], [85.357022, 27.71402], [85.357272, 27.71396], [85.357354, 27.714136], [85.357585, 27.714015], [85.357797, 27.713908], [85.358072, 27.713787], [85.358288, 27.713686], [85.358355, 27.713813], [85.358428, 27.713966], [85.358714, 27.713877], [85.358943, 27.713802], [85.358921, 27.713658], [85.358861, 27.713466], [85.358858, 27.713181], [85.359421, 27.713177], [85.359752, 27.713156], [85.359985, 27.712728], [85.360162, 27.712564], [85.360127, 27.712373], [85.360557, 27.712282], [85.360985, 27.711998], [85.361384, 27.711558], [85.361828, 27.711321], [85.362192, 27.711162], [85.362553, 27.711068], [85.362875, 27.711215], [85.363241, 27.71147], [85.363519, 27.711484], [85.364028, 27.711457], [85.36475, 27.711496], [85.36526, 27.711537], [85.365845, 27.711443], [85.366321, 27.711364]]]]}}, {"type": "Feature", "properties": {"ward_no": 11}, "geometry": {"type": "MultiPolygon", "coordinates": [[[[85.324336, 27.686694], [85.323492, 27.686655], [85.322031, 27.686802], [85.319705, 27.687523], [85.317961, 27.688378], [85.316804, 27.689371], [85.314854, 27.690543], [85.314168, 27.690988], [85.31281, 27.691562], [85.311859, 27.691738], [85.311186, 27.691852], [85.31026, 27.692215], [85.308099, 27.692996], [85.308249, 27.693607], [85.308317, 27.693875], [85.308341, 27.694119], [85.308358, 27.694364], [85.30832, 27.694699], [85.30829, 27.694939], [85.308295, 27.695237], [85.308259, 27.695668], [85.308301, 27.695832], [85.308263, 27.696228], [85.308361, 27.696379], [85.308567, 27.69666], [85.308791, 27.696955], [85.309037, 27.6973], [85.309162, 27.69757], [85.309305, 27.697843], [85.30946, 27.697989], [85.309701, 27.698196], [85.309747, 27.698394], [85.309896, 27.698458], [85.310418, 27.698606], [85.310216, 27.698937], [85.309926, 27.699413], [85.310185, 27.699583], [85.310546, 27.699827], [85.310969, 27.70013], [85.31132, 27.700391], [85.311616, 27.700487], [85.311852, 27.700377], [85.31228, 27.700278], [85.312847, 27.700194], [85.313026, 27.700084], [85.313229, 27.699958], [85.313683, 27.699844], [85.314774, 27.699631], [85.314838, 27.699708], [85.31494, 27.699772], [85.315047, 27.699786], [85.315139, 27.699745], [85.315188, 27.699676], [85.315255, 27.699528], [85.316278, 27.69936], [85.316429, 27.699587], [85.316607, 27.699739], [85.316755, 27.699693], [85.317094, 27.699553], [85.317608, 27.699257], [85.318523, 27.69907], [85.321612, 27.698444], [85.320886, 27.695067], [85.322176, 27.694817], [85.323062, 27.69464], [85.324054, 27.694419], [85.325118, 27.69419], [85.32565, 27.694073], [85.325823, 27.693989], [85.325877, 27.693891], [85.32605, 27.693708], [85.326555, 27.693557], [85.327222, 27.69336], [85.327469, 27.693269], [85.327516, 27.693199], [85.32759, 27.693142], [85.327978, 27.692919], [85.328448, 27.692657], [85.328968, 27.692466], [85.328803, 27.692175], [85.328623, 27.691888], [85.328469, 27.691552], [85.328373, 27.691091], [85.328343, 27.690756], [85.328335, 27.690388], [85.328256, 27.690033], [85.328255, 27.689928], [85.328265, 27.689639], [85.328259, 27.689242], [85.328169, 27.688876], [85.328053, 27.688539], [85.32788, 27.688099], [85.327726, 27.687715], [85.327619, 27.687467], [85.327537, 27.687398], [85.327401, 27.687366], [85.327254, 27.687381], [85.327105, 27.687465], [85.326981, 27.687596], [85.326857, 27.68771], [85.326703, 27.687743], [85.326233, 27.687753], [85.325674, 27.687774], [85.325214, 27.687811], [85.325027, 27.687751], [85.324936, 27.687698], [85.324534, 27.686968], [85.324336, 27.686694]]]]}}, {"type": "Feature", "properties": {"ward_no": 22}, "geometry": {"type": "MultiPolygon", "coordinates": [[[[85.309926, 27.699413], [85.309625, 27.699551], [85.309382, 27.699634], [85.309013, 27.699641], [85.308883, 27.699584], [85.308604, 27.699503], [85.308195, 27.699572], [85.307947, 27.699662], [85.307831, 27.699746], [85.307752, 27.699903], [85.307624, 27.700155], [85.307864, 27.700383], [85.307955, 27.700378], [85.308167, 27.700536], [85.30831, 27.700716], [85.308449, 27.700742], [85.308579, 27.700752], [85.308586, 27.700874], [85.308536, 27.700886], [85.308602, 27.701092], [85.308699, 27.701089], [85.308957, 27.701076], [85.308935, 27.701258], [85.308662, 27.70138], [85.308698, 27.70172], [85.308696, 27.70193], [85.308745, 27.702124], [85.308911, 27.702592], [85.309089, 27.703124], [85.309184, 27.703595], [85.310243, 27.703493], [85.310325, 27.703815], [85.310382, 27.704012], [85.310248, 27.704037], [85.310018, 27.704136], [85.309947, 27.704186], [85.309932, 27.704249], [85.309953, 27.704522], [85.309996, 27.704708], [85.309781, 27.704799], [85.309767, 27.704854], [85.309822, 27.705025], [85.309923, 27.705337], [85.309944, 27.705418], [85.31004, 27.705682], [85.309763, 27.705777], [85.309523, 27.70584], [85.309543, 27.705908], [85.309632, 27.705961], [85.309967, 27.705904], [85.309956, 27.705867], [85.310099, 27.705842], [85.310116, 27.705886], [85.310279, 27.705864], [85.31031, 27.705974], [85.310397, 27.706008], [85.310683, 27.705998], [85.310707, 27.70605], [85.310839, 27.706024], [85.310854, 27.706132], [85.311084, 27.706071], [85.311059, 27.705958], [85.311649, 27.705836], [85.311616, 27.705675], [85.311817, 27.705635], [85.311811, 27.7055], [85.3122, 27.705405], [85.312204, 27.70524], [85.312205, 27.705042], [85.312251, 27.70504], [85.312573, 27.705037], [85.31259, 27.704875], [85.312657, 27.704877], [85.312889, 27.704814], [85.312835, 27.704578], [85.313116, 27.704559], [85.313798, 27.704552], [85.313727, 27.703558], [85.313555, 27.701189], [85.313413, 27.699912], [85.313229, 27.699958], [85.313026, 27.700084], [85.312847, 27.700194], [85.31228, 27.700278], [85.311852, 27.700377], [85.311616, 27.700487], [85.31132, 27.700391], [85.310969, 27.70013], [85.310546, 27.699827], [85.310185, 27.699583], [85.309926, 27.699413]]]]}}, {"type": "Feature", "properties": {"ward_no": 12}, "geometry": {"type": "MultiPolygon", "coordinates": [[[[85.308099, 27.692996], [85.30716, 27.693147], [85.306031, 27.693189], [85.305264, 27.692923], [85.304414, 27.692658], [85.304092, 27.692629], [85.30279, 27.691924], [85.302345, 27.691568], [85.301888, 27.691822], [85.301054, 27.692286], [85.300793, 27.692432], [85.300609, 27.692536], [85.300056, 27.692832], [85.299849, 27.692942], [85.299748, 27.693094], [85.299668, 27.693215], [85.299694, 27.693477], [85.299741, 27.693958], [85.299898, 27.694408], [85.299929, 27.694496], [85.300095, 27.69483], [85.300258, 27.695156], [85.300494, 27.695614], [85.30054, 27.695703], [85.300562, 27.695734], [85.300799, 27.696075], [85.300949, 27.69629], [85.300998, 27.696341], [85.301571, 27.696946], [85.301991, 27.697526], [85.302272, 27.698072], [85.302273, 27.698074], [85.302504, 27.698554], [85.302718, 27.699098], [85.302762, 27.699298], [85.302833, 27.699621], [85.302852, 27.699995], [85.303109, 27.700079], [85.303151, 27.700131], [85.303164, 27.700196], [85.303162, 27.700242], [85.303225, 27.700288], [85.303284, 27.700329], [85.303378, 27.700362], [85.303533, 27.70039], [85.303634, 27.700372], [85.303841, 27.700278], [85.303903, 27.700419], [85.304227, 27.700328], [85.304338, 27.700298], [85.304381, 27.700377], [85.304403, 27.700411], [85.304571, 27.700358], [85.304673, 27.700489], [85.30477, 27.700442], [85.304604, 27.700185], [85.304459, 27.699944], [85.304836, 27.69976], [85.305077, 27.699651], [85.305463, 27.699488], [85.305785, 27.699388], [85.306176, 27.699291], [85.306707, 27.699103], [85.306861, 27.699055], [85.306968, 27.699021], [85.307023, 27.699011], [85.307074, 27.699002], [85.307094, 27.698984], [85.307104, 27.69896], [85.307105, 27.698938], [85.307057, 27.698789], [85.306944, 27.698546], [85.306899, 27.698571], [85.306776, 27.698359], [85.306734, 27.698354], [85.306649, 27.698359], [85.306623, 27.698278], [85.306588, 27.698179], [85.30657, 27.698108], [85.306607, 27.69807], [85.306568, 27.697979], [85.30644, 27.698011], [85.306397, 27.698], [85.306366, 27.697961], [85.306354, 27.697927], [85.306378, 27.697895], [85.306365, 27.697849], [85.306314, 27.69779], [85.306238, 27.697617], [85.306184, 27.697586], [85.306069, 27.697564], [85.306023, 27.697529], [85.306021, 27.697456], [85.306114, 27.697357], [85.30628, 27.697201], [85.30613, 27.697053], [85.306169, 27.697013], [85.306098, 27.696937], [85.306214, 27.696851], [85.30642, 27.697045], [85.306786, 27.696771], [85.30695, 27.696594], [85.306979, 27.696484], [85.306997, 27.696236], [85.307745, 27.696017], [85.308294, 27.695804], [85.308259, 27.695668], [85.308295, 27.695237], [85.30829, 27.694939], [85.30832, 27.694699], [85.308358, 27.694364], [85.308341, 27.694119], [85.308317, 27.693875], [85.308249, 27.693607], [85.308099, 27.692996]]]]}}, {"type": "Feature", "properties": {"ward_no": 21}, "geometry": {"type": "MultiPolygon", "coordinates": [[[[85.307864, 27.700383], [85.307624, 27.700155], [85.307752, 27.699903], [85.307831, 27.699746], [85.307947, 27.699662], [85.308195, 27.699572], [85.308604, 27.699503], [85.308883, 27.699584], [85.309013, 27.699641], [85.309382, 27.699634], [85.309625, 27.699551], [85.309926, 27.699413], [85.310216, 27.698937], [85.310418, 27.698606], [85.309896, 27.698458], [85.309747, 27.698394], [85.309701, 27.698196], [85.30946, 27.697989], [85.309305, 27.697843], [85.309162, 27.69757], [85.309037, 27.6973], [85.308791, 27.696955], [85.308567, 27.69666], [85.308361, 27.696379], [85.308263, 27.696228], [85.308301, 27.695832], [85.308294, 27.695804], [85.307745, 27.696017], [85.306997, 27.696236], [85.306979, 27.696484], [85.30695, 27.696594], [85.306786, 27.696771], [85.30642, 27.697045], [85.306214, 27.696851], [85.306098, 27.696937], [85.306169, 27.697013], [85.30613, 27.697053], [85.30628, 27.697201], [85.306114, 27.697357], [85.306021, 27.697456], [85.306023, 27.697529], [85.306069, 27.697564], [85.306184, 27.697586], [85.306238, 27.697617], [85.306314, 27.69779], [85.306365, 27.697849], [85.306378, 27.697895], [85.306354, 27.697927], [85.306366, 27.697961], [85.306397, 27.698], [85.30644, 27.698011], [85.306568, 27.697979], [85.306607, 27.69807], [85.30657, 27.698108], [85.306588, 27.698179], [85.306623, 27.698278], [85.306649, 27.698359], [85.306734, 27.698354], [85.306776, 27.698359], [85.306899, 27.698571], [85.306944, 27.698546], [85.307057, 27.698789], [85.307105, 27.698938], [85.307104, 27.69896], [85.307094, 27.698984], [85.307074, 27.699002], [85.307023, 27.699011], [85.306968, 27.699021], [85.306861, 27.699055], [85.306707, 27.699103], [85.306176, 27.699291], [85.305785, 27.699388], [85.305463, 27.699488], [85.305077, 27.699651], [85.304836, 27.69976], [85.304459, 27.699944], [85.304604, 27.700185], [85.30477, 27.700442], [85.305011, 27.700653], [85.305187, 27.701137], [85.305212, 27.701217], [85.305365, 27.701181], [85.305455, 27.701413], [85.305508, 27.701497], [85.305602, 27.701513], [85.305733, 27.701469], [85.305842, 27.701349], [85.305841, 27.701278], [85.306067, 27.701194], [85.306189, 27.701226], [85.306234, 27.701308], [85.306265, 27.701327], [85.30629, 27.701324], [85.306449, 27.701241], [85.306626, 27.701157], [85.306799, 27.701069], [85.306965, 27.700997], [85.307131, 27.700899], [85.307185, 27.700943], [85.307213, 27.700964], [85.307249, 27.700951], [85.307261, 27.70092], [85.307197, 27.700817], [85.307117, 27.700713], [85.307107, 27.700672], [85.30719, 27.700649], [85.3073, 27.700628], [85.307358, 27.700608], [85.307416, 27.700618], [85.307471, 27.700589], [85.307473, 27.700494], [85.307476, 27.700469], [85.307491, 27.700439], [85.30754, 27.700419], [85.307584, 27.700448], [85.307606, 27.700471], [85.30772, 27.70044], [85.307864, 27.700383]]]]}}, {"type": "Feature", "properties": {"ward_no": 23}, "geometry": {"type": "MultiPolygon", "coordinates": [[[[85.305212, 27.701217], [85.305263, 27.701612], [85.305345, 27.70201], [85.305465, 27.702359], [85.305654, 27.702792], [85.305808, 27.703246], [85.305876, 27.703651], [85.305923, 27.703788], [85.305958, 27.703846], [85.306002, 27.703874], [85.306044, 27.703889], [85.306347, 27.703839], [85.306414, 27.703902], [85.307004, 27.703798], [85.307564, 27.703712], [85.308659, 27.703638], [85.309184, 27.703595], [85.309089, 27.703124], [85.308911, 27.702592], [85.308745, 27.702124], [85.308696, 27.70193], [85.308698, 27.70172], [85.308662, 27.70138], [85.308935, 27.701258], [85.308957, 27.701076], [85.308699, 27.701089], [85.308602, 27.701092], [85.308536, 27.700886], [85.308586, 27.700874], [85.308579, 27.700752], [85.308449, 27.700742], [85.30831, 27.700716], [85.308167, 27.700536], [85.307955, 27.700378], [85.307864, 27.700383], [85.30772, 27.70044], [85.307606, 27.700471], [85.307584, 27.700448], [85.30754, 27.700419], [85.307491, 27.700439], [85.307476, 27.700469], [85.307473, 27.700494], [85.307471, 27.700589], [85.307416, 27.700618], [85.307358, 27.700608], [85.3073, 27.700628], [85.30719, 27.700649], [85.307107, 27.700672], [85.307117, 27.700713], [85.307197, 27.700817], [85.307261, 27.70092], [85.307249, 27.700951], [85.307213, 27.700964], [85.307185, 27.700943], [85.307131, 27.700899], [85.306965, 27.700997], [85.306799, 27.701069], [85.306626, 27.701157], [85.306449, 27.701241], [85.30629, 27.701324], [85.306265, 27.701327], [85.306234, 27.701308], [85.306189, 27.701226], [85.306067, 27.701194], [85.305841, 27.701278], [85.305842, 27.701349], [85.305733, 27.701469], [85.305602, 27.701513], [85.305508, 27.701497], [85.305455, 27.701413], [85.305365, 27.701181], [85.305212, 27.701217]]]]}}, {"type": "Feature", "properties": {"ward_no": 28}, "geometry": {"type": "MultiPolygon", "coordinates": [[[[85.326244, 27.709889], [85.326201, 27.7097], [85.326171, 27.709539], [85.326122, 27.709372], [85.326091, 27.709279], [85.325686, 27.709275], [85.325431, 27.709265], [85.325278, 27.709247], [85.325097, 27.709212], [85.324908, 27.709169], [85.32475, 27.70909], [85.324617, 27.708983], [85.324405, 27.708833], [85.324348, 27.708807], [85.324172, 27.708775], [85.324028, 27.708752], [85.323878, 27.708706], [85.323806, 27.708674], [85.323753, 27.708595], [85.323705, 27.708487], [85.323543, 27.708013], [85.3234, 27.707781], [85.323313, 27.707495], [85.323244, 27.707379], [85.323, 27.707051], [85.322831, 27.70671], [85.322874, 27.706423], [85.322877, 27.705641], [85.322878, 27.705606], [85.322573, 27.703624], [85.322326, 27.701909], [85.322186, 27.701037], [85.321843, 27.699519], [85.321612, 27.698444], [85.318523, 27.69907], [85.317608, 27.699257], [85.317094, 27.699553], [85.316755, 27.699693], [85.316607, 27.699739], [85.316429, 27.699587], [85.316278, 27.69936], [85.315255, 27.699528], [85.315188, 27.699676], [85.315139, 27.699745], [85.315047, 27.699786], [85.31494, 27.699772], [85.314838, 27.699708], [85.314774, 27.699631], [85.313683, 27.699844], [85.313413, 27.699912], [85.313555, 27.701189], [85.313727, 27.703558], [85.313798, 27.704552], [85.314019, 27.705466], [85.314196, 27.706592], [85.314248, 27.707046], [85.314363, 27.708039], [85.314407, 27.708539], [85.314573, 27.708655], [85.315403, 27.70877], [85.316024, 27.708965], [85.31645, 27.709137], [85.31701, 27.709366], [85.317194, 27.709504], [85.317299, 27.709712], [85.317683, 27.709872], [85.31816, 27.709933], [85.318779, 27.70993], [85.319231, 27.71002], [85.319549, 27.710014], [85.32007, 27.70992], [85.320656, 27.709843], [85.321586, 27.709747], [85.322089, 27.709667], [85.322207, 27.710287], [85.322226, 27.710318], [85.323012, 27.710234], [85.323661, 27.710165], [85.324541, 27.710127], [85.325451, 27.710031], [85.326244, 27.709889]]]]}}, {"type": "Feature", "properties": {"ward_no": 14}, "geometry": {"type": "MultiPolygon", "coordinates": [[[[85.271295, 27.691589], [85.27108, 27.691391], [85.27088, 27.691269], [85.270601, 27.691551], [85.270347, 27.691798], [85.270102, 27.69205], [85.270057, 27.692097], [85.270028, 27.692191], [85.270127, 27.692717], [85.269902, 27.692775], [85.269597, 27.692827], [85.269463, 27.692907], [85.269229, 27.692954], [85.269048, 27.692993], [85.268867, 27.693058], [85.26859, 27.693161], [85.268493, 27.693186], [85.268428, 27.693262], [85.268268, 27.693356], [85.268162, 27.693389], [85.267986, 27.693392], [85.267832, 27.693455], [85.267879, 27.694036], [85.267968, 27.694441], [85.268057, 27.694653], [85.268143, 27.694855], [85.268359, 27.69489], [85.268523, 27.694896], [85.268919, 27.694889], [85.269167, 27.694868], [85.26932, 27.694851], [85.269534, 27.694894], [85.269548, 27.69495], [85.269515, 27.695067], [85.269496, 27.695127], [85.269504, 27.695206], [85.269471, 27.695274], [85.269304, 27.695349], [85.269188, 27.695424], [85.268956, 27.695515], [85.268724, 27.695625], [85.268688, 27.695651], [85.268635, 27.695697], [85.268556, 27.695833], [85.268529, 27.695875], [85.268577, 27.695975], [85.268614, 27.696164], [85.268383, 27.69622], [85.268361, 27.696266], [85.268411, 27.696522], [85.268368, 27.696722], [85.268327, 27.696839], [85.268204, 27.696907], [85.268043, 27.697095], [85.268001, 27.697171], [85.268059, 27.697259], [85.268105, 27.697402], [85.268054, 27.697435], [85.268062, 27.697519], [85.26813, 27.697853], [85.268218, 27.698076], [85.268265, 27.698282], [85.268321, 27.698444], [85.268462, 27.698542], [85.268555, 27.698617], [85.268628, 27.698661], [85.268688, 27.698756], [85.268751, 27.69881], [85.269037, 27.699613], [85.269224, 27.699823], [85.269429, 27.700054], [85.269655, 27.699944], [85.269813, 27.699864], [85.269872, 27.699785], [85.269981, 27.699772], [85.270086, 27.699759], [85.270099, 27.699719], [85.270131, 27.699672], [85.270177, 27.699622], [85.270275, 27.699567], [85.270396, 27.699472], [85.270446, 27.699404], [85.270441, 27.699311], [85.270432, 27.699217], [85.270438, 27.699138], [85.270472, 27.699059], [85.270593, 27.698965], [85.270688, 27.69885], [85.270796, 27.698737], [85.270875, 27.698676], [85.270982, 27.698592], [85.270982, 27.698472], [85.27102, 27.69833], [85.271017, 27.69822], [85.2711, 27.698144], [85.271133, 27.698082], [85.271135, 27.697968], [85.27118, 27.697875], [85.271283, 27.697871], [85.271394, 27.69779], [85.271424, 27.697748], [85.271366, 27.697617], [85.271379, 27.697491], [85.271384, 27.697471], [85.271424, 27.69746], [85.271431, 27.697368], [85.271485, 27.697235], [85.271543, 27.697172], [85.271592, 27.69707], [85.271627, 27.697022], [85.271663, 27.696955], [85.271725, 27.6969], [85.27178, 27.696933], [85.272061, 27.696809], [85.272061, 27.696699], [85.272086, 27.6965], [85.272146, 27.696357], [85.272231, 27.696214], [85.272337, 27.696141], [85.272319, 27.696053], [85.272315, 27.695899], [85.272271, 27.695686], [85.272297, 27.695632], [85.272383, 27.695589], [85.272432, 27.695479], [85.27243, 27.695334], [85.272489, 27.695162], [85.272638, 27.694835], [85.272766, 27.694698], [85.27281, 27.694549], [85.272813, 27.694454], [85.272779, 27.694283], [85.27284, 27.694116], [85.273274, 27.694045], [85.273745, 27.693862], [85.274076, 27.693761], [85.274363, 27.693717], [85.274562, 27.693638], [85.274722, 27.693689], [85.274964, 27.693814], [85.275134, 27.693798], [85.27551, 27.693692], [85.275852, 27.693891], [85.276733, 27.694052], [85.276938, 27.694054], [85.277147, 27.693991], [85.277361, 27.693882], [85.277876, 27.694948], [85.278055, 27.695206], [85.278231, 27.695241], [85.278425, 27.695277], [85.278583, 27.695415], [85.278791, 27.695508], [85.279143, 27.695629], [85.27945, 27.695876], [85.279666, 27.696012], [85.279814, 27.696039], [85.279955, 27.696006], [85.280274, 27.695957], [85.280558, 27.695918], [85.280868, 27.695921], [85.281339, 27.696], [85.281538, 27.696031], [85.28182, 27.696103], [85.281959, 27.696447], [85.282172, 27.696802], [85.282197, 27.696857], [85.282322, 27.696914], [85.282415, 27.697013], [85.282563, 27.697288], [85.282711, 27.697445], [85.282767, 27.697616], [85.282829, 27.697726], [85.283045, 27.697888], [85.283311, 27.697993], [85.283503, 27.698052], [85.28367, 27.698071], [85.283658, 27.698255], [85.283603, 27.698456], [85.283434, 27.698702], [85.283626, 27.698796], [85.28392, 27.698958], [85.284138, 27.699204], [85.284239, 27.699413], [85.284371, 27.699514], [85.284552, 27.699544], [85.284935, 27.699387], [85.285217, 27.699153], [85.285314, 27.699031], [85.285448, 27.698948], [85.285636, 27.698871], [85.285814, 27.698765], [85.285821, 27.698586], [85.285875, 27.69841], [85.286074, 27.698166], [85.286248, 27.698003], [85.286455, 27.697976], [85.286664, 27.697993], [85.286816, 27.697795], [85.286881, 27.697718], [85.287111, 27.697691], [85.287525, 27.697776], [85.287856, 27.697896], [85.288067, 27.697935], [85.288311, 27.697868], [85.288411, 27.697775], [85.288477, 27.697632], [85.288609, 27.697505], [85.28888, 27.697397], [85.289045, 27.697354], [85.289217, 27.69738], [85.289377, 27.697411], [85.28955, 27.697391], [85.289749, 27.697318], [85.289859, 27.697241], [85.289923, 27.697166], [85.289899, 27.697084], [85.289835, 27.697044], [85.289842, 27.696947], [85.289874, 27.696826], [85.289915, 27.696762], [85.290071, 27.696727], [85.290146, 27.696739], [85.290228, 27.6967], [85.290275, 27.696647], [85.290275, 27.696582], [85.290201, 27.696514], [85.290127, 27.696479], [85.290139, 27.69643], [85.290181, 27.696315], [85.290221, 27.69623], [85.290285, 27.696075], [85.290344, 27.69597], [85.290708, 27.695975], [85.29069, 27.69582], [85.290692, 27.695605], [85.291003, 27.69562], [85.291093, 27.695376], [85.291306, 27.695192], [85.291533, 27.694999], [85.291667, 27.694903], [85.292049, 27.694747], [85.292476, 27.694632], [85.292866, 27.694588], [85.293469, 27.694558], [85.294301, 27.694502], [85.294441, 27.694494], [85.294514, 27.694896], [85.29458, 27.695057], [85.294665, 27.695096], [85.294732, 27.695106], [85.295073, 27.695057], [85.295265, 27.695045], [85.295451, 27.695048], [85.295675, 27.695135], [85.295818, 27.695208], [85.296012, 27.695288], [85.29618, 27.695316], [85.296456, 27.695324], [85.29652, 27.695335], [85.296553, 27.695638], [85.296542, 27.695677], [85.296442, 27.695689], [85.296355, 27.695716], [85.296324, 27.695799], [85.296333, 27.695979], [85.296293, 27.696012], [85.29628, 27.696041], [85.296279, 27.696157], [85.296275, 27.696448], [85.296482, 27.696499], [85.296675, 27.69652], [85.296931, 27.696545], [85.297083, 27.696591], [85.297199, 27.696615], [85.297303, 27.6966], [85.29742, 27.696541], [85.29747, 27.696448], [85.297494, 27.696411], [85.2976, 27.6964], [85.297745, 27.696406], [85.297874, 27.696392], [85.298219, 27.696314], [85.298543, 27.696227], [85.298763, 27.696118], [85.298833, 27.696479], [85.298883, 27.696797], [85.298935, 27.696956], [85.299151, 27.696902], [85.299142, 27.69686], [85.299245, 27.696857], [85.299256, 27.696886], [85.29942, 27.696851], [85.299607, 27.696771], [85.299835, 27.696638], [85.300052, 27.696511], [85.300363, 27.696329], [85.300622, 27.69615], [85.300799, 27.696075], [85.300562, 27.695734], [85.30054, 27.695703], [85.30054, 27.695703], [85.30054, 27.695703], [85.300494, 27.695614], [85.300258, 27.695156], [85.300095, 27.69483], [85.300095, 27.69483], [85.300095, 27.69483], [85.300095, 27.69483], [85.300095, 27.69483], [85.300095, 27.69483], [85.300095, 27.69483], [85.300095, 27.69483], [85.299929, 27.694496], [85.299929, 27.694496], [85.299898, 27.694408], [85.299741, 27.693958], [85.299694, 27.693477], [85.299668, 27.693215], [85.299748, 27.693094], [85.299748, 27.693094], [85.299748, 27.693094], [85.299748, 27.693094], [85.299748, 27.693094], [85.299748, 27.693094], [85.299748, 27.693094], [85.299748, 27.693094], [85.299748, 27.693094], [85.299748, 27.693094], [85.299748, 27.693094], [85.299748, 27.693094], [85.299748, 27.693094], [85.299748, 27.693094], [85.299748, 27.693094], [85.299748, 27.693094], [85.299748, 27.693094], [85.299849, 27.692942], [85.299849, 27.692942], [85.300056, 27.692832], [85.300056, 27.692832], [85.300056, 27.692832], [85.300056, 27.692832], [85.300056, 27.692832], [85.300056, 27.692832], [85.300609, 27.692536], [85.300793, 27.692432], [85.301054, 27.692286], [85.301888, 27.691822], [85.302345, 27.691568], [85.301725, 27.69036], [85.301206, 27.689438], [85.300925, 27.688718], [85.300673, 27.687427], [85.300412, 27.686315], [85.300131, 27.685452], [85.299598, 27.684642], [85.299347, 27.684055], [85.299216, 27.683041], [85.299196, 27.68151], [85.299086, 27.67982], [85.299009, 27.67917], [85.298268, 27.679292], [85.297807, 27.679485], [85.297782, 27.679606], [85.297678, 27.679716], [85.297222, 27.679803], [85.296706, 27.679868], [85.296416, 27.679952], [85.296119, 27.679879], [85.295668, 27.680226], [85.295506, 27.680319], [85.295414, 27.680376], [85.29541, 27.680494], [85.295411, 27.680611], [85.295394, 27.680663], [85.295348, 27.680677], [85.295232, 27.680636], [85.295119, 27.680568], [85.295057, 27.680569], [85.295004, 27.680589], [85.294977, 27.680692], [85.294953, 27.680789], [85.29492, 27.68084], [85.294847, 27.680849], [85.294772, 27.680847], [85.29466, 27.680908], [85.294538, 27.681057], [85.29439, 27.681128], [85.294298, 27.681156], [85.294168, 27.681111], [85.294086, 27.681046], [85.294022, 27.681032], [85.293948, 27.681053], [85.29381, 27.68111], [85.293733, 27.681126], [85.293585, 27.681097], [85.293468, 27.681058], [85.293342, 27.681082], [85.293279, 27.681111], [85.293189, 27.681107], [85.29305, 27.681085], [85.292906, 27.681074], [85.292788, 27.681111], [85.292684, 27.681171], [85.29269, 27.681214], [85.292733, 27.681248], [85.29302, 27.681388], [85.293156, 27.681502], [85.293266, 27.681597], [85.293379, 27.681687], [85.293392, 27.681728], [85.293336, 27.681737], [85.293229, 27.681701], [85.293125, 27.681676], [85.293053, 27.681669], [85.292963, 27.681731], [85.292915, 27.681759], [85.292905, 27.681768], [85.292855, 27.681762], [85.292801, 27.681717], [85.292728, 27.681687], [85.29267, 27.681653], [85.292558, 27.681684], [85.292485, 27.681727], [85.292284, 27.681806], [85.292225, 27.681867], [85.292152, 27.681947], [85.292054, 27.682033], [85.291914, 27.682126], [85.291872, 27.682138], [85.291774, 27.68213], [85.291722, 27.682132], [85.291674, 27.682166], [85.291616, 27.682224], [85.291572, 27.682238], [85.291481, 27.682278], [85.291441, 27.682294], [85.291393, 27.682303], [85.29135, 27.682334], [85.29132, 27.68243], [85.291267, 27.68249], [85.291179, 27.682542], [85.291061, 27.682598], [85.290973, 27.682648], [85.290856, 27.682702], [85.290708, 27.682778], [85.29066, 27.682837], [85.290638, 27.682899], [85.29062, 27.683008], [85.290589, 27.683049], [85.290603, 27.683094], [85.290546, 27.683149], [85.290463, 27.683239], [85.290415, 27.683304], [85.290341, 27.683348], [85.290282, 27.683391], [85.290245, 27.683437], [85.290231, 27.683515], [85.29023, 27.683611], [85.290222, 27.683671], [85.29012, 27.683801], [85.290011, 27.683873], [85.289904, 27.683959], [85.289847, 27.683996], [85.289712, 27.684049], [85.289636, 27.684143], [85.289529, 27.684231], [85.289485, 27.684262], [85.289436, 27.684263], [85.289365, 27.684302], [85.28927, 27.684387], [85.289176, 27.684482], [85.28911, 27.684499], [85.289032, 27.68449], [85.288956, 27.684531], [85.288886, 27.684561], [85.288804, 27.68457], [85.288669, 27.684562], [85.288594, 27.684613], [85.288522, 27.684671], [85.288461, 27.684721], [85.288424, 27.684924], [85.288362, 27.684956], [85.28825, 27.684913], [85.288125, 27.684814], [85.287977, 27.684726], [85.287846, 27.684684], [85.287693, 27.684672], [85.287525, 27.684694], [85.28732, 27.684729], [85.287178, 27.684705], [85.287014, 27.684639], [85.286906, 27.684548], [85.28686, 27.684444], [85.286817, 27.684336], [85.28667, 27.684235], [85.286538, 27.684218], [85.286411, 27.684224], [85.286251, 27.684275], [85.286132, 27.684322], [85.286036, 27.684236], [85.285929, 27.684199], [85.285755, 27.68419], [85.285671, 27.684213], [85.285461, 27.684166], [85.28535, 27.68417], [85.285214, 27.684085], [85.28517, 27.684026], [85.285135, 27.684021], [85.285106, 27.683965], [85.285096, 27.683936], [85.285036, 27.68388], [85.28502, 27.683846], [85.284965, 27.683849], [85.284908, 27.683873], [85.284951, 27.683934], [85.284945, 27.684004], [85.284897, 27.684086], [85.284865, 27.684172], [85.284855, 27.684309], [85.284862, 27.684485], [85.284908, 27.684586], [85.284999, 27.684671], [85.285067, 27.684825], [85.285124, 27.684893], [85.284856, 27.6855], [85.28459, 27.685956], [85.284459, 27.686067], [85.284286, 27.686161], [85.28403, 27.686098], [85.283585, 27.685766], [85.28316, 27.685567], [85.282903, 27.685563], [85.282626, 27.6855], [85.282498, 27.685404], [85.281656, 27.684528], [85.281297, 27.684253], [85.281127, 27.684192], [85.280828, 27.684052], [85.2807, 27.68409], [85.280655, 27.684147], [85.280737, 27.684378], [85.281032, 27.684689], [85.281421, 27.684974], [85.281505, 27.685142], [85.281581, 27.685305], [85.281768, 27.685611], [85.281848, 27.685742], [85.281931, 27.685973], [85.281969, 27.686099], [85.281998, 27.686232], [85.282002, 27.686347], [85.282018, 27.686507], [85.282008, 27.686639], [85.281975, 27.686817], [85.28194, 27.686955], [85.281947, 27.687115], [85.281968, 27.687266], [85.281982, 27.687378], [85.282016, 27.687477], [85.282063, 27.687512], [85.282174, 27.687527], [85.282228, 27.687555], [85.282276, 27.687627], [85.282269, 27.687701], [85.282272, 27.687795], [85.282297, 27.687875], [85.282374, 27.687947], [85.282439, 27.688042], [85.282437, 27.688132], [85.282401, 27.688181], [85.282349, 27.688239], [85.282291, 27.688294], [85.2823, 27.688322], [85.282333, 27.688334], [85.282604, 27.68838], [85.28276, 27.688421], [85.282892, 27.688401], [85.282949, 27.688331], [85.28314, 27.688201], [85.283377, 27.688117], [85.283542, 27.688094], [85.283655, 27.688105], [85.283746, 27.688113], [85.283986, 27.688065], [85.284299, 27.688204], [85.284348, 27.688282], [85.284502, 27.688494], [85.283935, 27.688986], [85.28348, 27.689595], [85.283351, 27.689743], [85.283069, 27.689665], [85.282644, 27.689738], [85.282483, 27.68987], [85.28122, 27.690863], [85.281143, 27.690898], [85.280906, 27.690873], [85.280418, 27.690523], [85.280059, 27.690395], [85.279343, 27.690367], [85.278881, 27.690304], [85.278623, 27.690262], [85.27849, 27.690255], [85.278146, 27.690222], [85.277769, 27.690796], [85.277907, 27.691057], [85.277904, 27.69123], [85.277721, 27.691422], [85.277525, 27.69172], [85.277312, 27.69192], [85.277112, 27.691837], [85.27695, 27.691694], [85.276862, 27.69182], [85.277402, 27.692116], [85.278064, 27.69227], [85.277719, 27.692402], [85.277315, 27.692666], [85.276998, 27.692524], [85.276806, 27.692713], [85.276531, 27.692867], [85.276333, 27.692937], [85.27626, 27.692682], [85.276194, 27.69265], [85.27594, 27.692551], [85.275851, 27.692547], [85.275669, 27.692533], [85.275637, 27.692626], [85.275572, 27.692844], [85.275453, 27.692737], [85.275285, 27.692634], [85.275253, 27.692355], [85.275346, 27.692261], [85.275301, 27.692202], [85.274992, 27.692057], [85.2747, 27.692089], [85.274611, 27.692149], [85.274451, 27.692125], [85.274416, 27.691643], [85.274341, 27.691603], [85.274008, 27.691612], [85.273793, 27.691661], [85.273515, 27.691703], [85.27328, 27.691722], [85.273052, 27.691703], [85.272653, 27.691751], [85.272426, 27.691828], [85.272353, 27.691946], [85.272223, 27.691936], [85.271854, 27.691816], [85.271295, 27.691589]]]]}}, {"type": "Feature", "properties": {"ward_no": 13}, "geometry": {"type": "MultiPolygon", "coordinates": [[[[85.28836, 27.706279], [85.290163, 27.705652], [85.291917, 27.705094], [85.294537, 27.704329], [85.294853, 27.704215], [85.295259, 27.704135], [85.29539, 27.704116], [85.295367, 27.704196], [85.295215, 27.704269], [85.295031, 27.704346], [85.294806, 27.704453], [85.294902, 27.704638], [85.295034, 27.704852], [85.295033, 27.705007], [85.295065, 27.705105], [85.295144, 27.705201], [85.295213, 27.705432], [85.295242, 27.705685], [85.295232, 27.705882], [85.295213, 27.706099], [85.295226, 27.706218], [85.295309, 27.706396], [85.295326, 27.706583], [85.295364, 27.706673], [85.295498, 27.707009], [85.295624, 27.707172], [85.295866, 27.707014], [85.295943, 27.706929], [85.295965, 27.706785], [85.296045, 27.706744], [85.296168, 27.70665], [85.29634, 27.706586], [85.296532, 27.706511], [85.296757, 27.706418], [85.296875, 27.70633], [85.296914, 27.706274], [85.296886, 27.706164], [85.29702, 27.706131], [85.297206, 27.706157], [85.297211, 27.706109], [85.297428, 27.706098], [85.297641, 27.706168], [85.297873, 27.706194], [85.298089, 27.706232], [85.298148, 27.706259], [85.298142, 27.706394], [85.298355, 27.70642], [85.29842, 27.706372], [85.298731, 27.70633], [85.298934, 27.706303], [85.298945, 27.706179], [85.299014, 27.706147], [85.299124, 27.706129], [85.299388, 27.706077], [85.299467, 27.706036], [85.299693, 27.705938], [85.299799, 27.705698], [85.299806, 27.70547], [85.300003, 27.705469], [85.299958, 27.705605], [85.299933, 27.705794], [85.299993, 27.705819], [85.300216, 27.705883], [85.300369, 27.705908], [85.300647, 27.705914], [85.300633, 27.705747], [85.300584, 27.705425], [85.30062, 27.70541], [85.300774, 27.705362], [85.300812, 27.705328], [85.300861, 27.705317], [85.300942, 27.705309], [85.300951, 27.70535], [85.300966, 27.705355], [85.301076, 27.705367], [85.301297, 27.705335], [85.30154, 27.705291], [85.301949, 27.70527], [85.301929, 27.70499], [85.301907, 27.704303], [85.302053, 27.703228], [85.302182, 27.702653], [85.302281, 27.701761], [85.302501, 27.701236], [85.30266, 27.700858], [85.302717, 27.700603], [85.302852, 27.699995], [85.302833, 27.699621], [85.302762, 27.699298], [85.302718, 27.699098], [85.302504, 27.698554], [85.302273, 27.698074], [85.302272, 27.698072], [85.301991, 27.697526], [85.301571, 27.696946], [85.300998, 27.696341], [85.300949, 27.69629], [85.300949, 27.69629], [85.300799, 27.696075], [85.300622, 27.69615], [85.300363, 27.696329], [85.300052, 27.696511], [85.299835, 27.696638], [85.299607, 27.696771], [85.29942, 27.696851], [85.299256, 27.696886], [85.299245, 27.696857], [85.299142, 27.69686], [85.299151, 27.696902], [85.298935, 27.696956], [85.298883, 27.696797], [85.298833, 27.696479], [85.298763, 27.696118], [85.298543, 27.696227], [85.298219, 27.696314], [85.297874, 27.696392], [85.297745, 27.696406], [85.2976, 27.6964], [85.297494, 27.696411], [85.29747, 27.696448], [85.29742, 27.696541], [85.297303, 27.6966], [85.297199, 27.696615], [85.297083, 27.696591], [85.296931, 27.696545], [85.296675, 27.69652], [85.296482, 27.696499], [85.296275, 27.696448], [85.296279, 27.696157], [85.29628, 27.696041], [85.296293, 27.696012], [85.296333, 27.695979], [85.296324, 27.695799], [85.296355, 27.695716], [85.296442, 27.695689], [85.296542, 27.695677], [85.296553, 27.695638], [85.29652, 27.695335], [85.296456, 27.695324], [85.29618, 27.695316], [85.296012, 27.695288], [85.295818, 27.695208], [85.295675, 27.695135], [85.295451, 27.695048], [85.295265, 27.695045], [85.295073, 27.695057], [85.294732, 27.695106], [85.294665, 27.695096], [85.29458, 27.695057], [85.294514, 27.694896], [85.294441, 27.694494], [85.294301, 27.694502], [85.293469, 27.694558], [85.292866, 27.694588], [85.292476, 27.694632], [85.292049, 27.694747], [85.291667, 27.694903], [85.291533, 27.694999], [85.291306, 27.695192], [85.291093, 27.695376], [85.291003, 27.69562], [85.290692, 27.695605], [85.29069, 27.69582], [85.290708, 27.695975], [85.290344, 27.69597], [85.290285, 27.696075], [85.290221, 27.69623], [85.290181, 27.696315], [85.290139, 27.69643], [85.290127, 27.696479], [85.290201, 27.696514], [85.290275, 27.696582], [85.290275, 27.696647], [85.290228, 27.6967], [85.290146, 27.696739], [85.290071, 27.696727], [85.289915, 27.696762], [85.289874, 27.696826], [85.289842, 27.696947], [85.289835, 27.697044], [85.289899, 27.697084], [85.289923, 27.697166], [85.289859, 27.697241], [85.289749, 27.697318], [85.28955, 27.697391], [85.289377, 27.697411], [85.289217, 27.69738], [85.289045, 27.697354], [85.28888, 27.697397], [85.288609, 27.697505], [85.288477, 27.697632], [85.288411, 27.697775], [85.288311, 27.697868], [85.288067, 27.697935], [85.287856, 27.697896], [85.287525, 27.697776], [85.287111, 27.697691], [85.286881, 27.697718], [85.286816, 27.697795], [85.286664, 27.697993], [85.286455, 27.697976], [85.286248, 27.698003], [85.286074, 27.698166], [85.285875, 27.69841], [85.285821, 27.698586], [85.285814, 27.698765], [85.285636, 27.698871], [85.285448, 27.698948], [85.285314, 27.699031], [85.285217, 27.699153], [85.284935, 27.699387], [85.284552, 27.699544], [85.284371, 27.699514], [85.284239, 27.699413], [85.284138, 27.699204], [85.28392, 27.698958], [85.283626, 27.698796], [85.283434, 27.698702], [85.283603, 27.698456], [85.283658, 27.698255], [85.28367, 27.698071], [85.283503, 27.698052], [85.283311, 27.697993], [85.283045, 27.697888], [85.282829, 27.697726], [85.282767, 27.697616], [85.282711, 27.697445], [85.282563, 27.697288], [85.282415, 27.697013], [85.282322, 27.696914], [85.282197, 27.696857], [85.282172, 27.696802], [85.281959, 27.696447], [85.28182, 27.696103], [85.281538, 27.696031], [85.281339, 27.696], [85.280868, 27.695921], [85.280558, 27.695918], [85.280274, 27.695957], [85.279955, 27.696006], [85.279814, 27.696039], [85.279666, 27.696012], [85.27945, 27.695876], [85.279143, 27.695629], [85.278791, 27.695508], [85.278583, 27.695415], [85.278425, 27.695277], [85.278231, 27.695241], [85.278055, 27.695206], [85.277876, 27.694948], [85.277414, 27.695615], [85.276943, 27.696567], [85.277388, 27.696657], [85.27738, 27.696725], [85.277581, 27.697114], [85.277668, 27.697278], [85.277599, 27.697485], [85.277705, 27.697673], [85.277782, 27.697811], [85.277963, 27.698135], [85.278065, 27.698317], [85.27816, 27.698547], [85.278255, 27.69869], [85.278352, 27.698661], [85.279406, 27.698902], [85.279571, 27.699067], [85.279673, 27.699075], [85.279854, 27.699066], [85.279976, 27.699039], [85.280214, 27.698961], [85.280453, 27.698915], [85.280763, 27.698929], [85.281099, 27.698934], [85.281527, 27.698889], [85.281526, 27.698944], [85.281634, 27.699868], [85.281733, 27.700703], [85.281838, 27.701465], [85.281928, 27.702311], [85.282014, 27.703009], [85.282101, 27.703728], [85.282179, 27.704307], [85.282257, 27.704999], [85.28235, 27.705841], [85.282458, 27.706637], [85.282578, 27.707632], [85.282669, 27.707607], [85.282927, 27.707556], [85.28328, 27.707559], [85.283596, 27.707572], [85.283983, 27.707649], [85.28457, 27.707705], [85.284808, 27.707665], [85.285021, 27.7076], [85.285163, 27.707555], [85.285336, 27.707398], [85.285401, 27.70726], [85.285434, 27.707113], [85.285499, 27.706952], [85.285621, 27.706773], [85.285844, 27.706619], [85.286101, 27.706541], [85.286315, 27.706496], [85.286517, 27.706466], [85.286845, 27.706471], [85.287223, 27.706505], [85.287385, 27.706514], [85.287628, 27.706486], [85.287813, 27.706462], [85.28836, 27.706279]]]]}}, {"type": "Feature", "properties": {"ward_no": 15}, "geometry": {"type": "MultiPolygon", "coordinates": [[[[85.285163, 27.707555], [85.285021, 27.7076], [85.284808, 27.707665], [85.28457, 27.707705], [85.283983, 27.707649], [85.283596, 27.707572], [85.28328, 27.707559], [85.282927, 27.707556], [85.282669, 27.707607], [85.282578, 27.707632], [85.282922, 27.710537], [85.282635, 27.710585], [85.282329, 27.710688], [85.282098, 27.710802], [85.281847, 27.710891], [85.281674, 27.710967], [85.281656, 27.711036], [85.281708, 27.711144], [85.281757, 27.711326], [85.281774, 27.711467], [85.28172, 27.711639], [85.281607, 27.711858], [85.281531, 27.711961], [85.281457, 27.712044], [85.281362, 27.712052], [85.281221, 27.712037], [85.281134, 27.712048], [85.281084, 27.712126], [85.28109, 27.712209], [85.281084, 27.7123], [85.280873, 27.712429], [85.280679, 27.712452], [85.280592, 27.712495], [85.280405, 27.712619], [85.280219, 27.712815], [85.279989, 27.7129], [85.279783, 27.712965], [85.279598, 27.713022], [85.279414, 27.713081], [85.279354, 27.713147], [85.279335, 27.713283], [85.279315, 27.71342], [85.279308, 27.713556], [85.279335, 27.713795], [85.279634, 27.713726], [85.279928, 27.713687], [85.280202, 27.713749], [85.280383, 27.713768], [85.28071, 27.713829], [85.280816, 27.713914], [85.280979, 27.714015], [85.28117, 27.714146], [85.281043, 27.71429], [85.280997, 27.714367], [85.28104, 27.714475], [85.281075, 27.714624], [85.281111, 27.714835], [85.281172, 27.714968], [85.281264, 27.715036], [85.281428, 27.715063], [85.281525, 27.71504], [85.281712, 27.715025], [85.281792, 27.715089], [85.281832, 27.715212], [85.281898, 27.715379], [85.281963, 27.71551], [85.282116, 27.715669], [85.282341, 27.715898], [85.282615, 27.71621], [85.282834, 27.716511], [85.282923, 27.716493], [85.283162, 27.716448], [85.283613, 27.716341], [85.283691, 27.716996], [85.283753, 27.717523], [85.283844, 27.71793], [85.284037, 27.718122], [85.284359, 27.71837], [85.284863, 27.718604], [85.285612, 27.718977], [85.286496, 27.719417], [85.289182, 27.720715], [85.289148, 27.720756], [85.289018, 27.720923], [85.288826, 27.721147], [85.288622, 27.721326], [85.288442, 27.721481], [85.288356, 27.721575], [85.288352, 27.721632], [85.288392, 27.721685], [85.288533, 27.721906], [85.288613, 27.722039], [85.288607, 27.722124], [85.288548, 27.722232], [85.288472, 27.722337], [85.288364, 27.722539], [85.288303, 27.722662], [85.288307, 27.722753], [85.288367, 27.722912], [85.288442, 27.723004], [85.288557, 27.723227], [85.288646, 27.723528], [85.288752, 27.723892], [85.288771, 27.724115], [85.288757, 27.724379], [85.288759, 27.72453], [85.288805, 27.724654], [85.288947, 27.724985], [85.28924, 27.724927], [85.289506, 27.724847], [85.289833, 27.724804], [85.290078, 27.72477], [85.290301, 27.724694], [85.29079, 27.724556], [85.29101, 27.724452], [85.29138, 27.724348], [85.291785, 27.724208], [85.292161, 27.724085], [85.292458, 27.723998], [85.292809, 27.723879], [85.293094, 27.723781], [85.293365, 27.723709], [85.293566, 27.723671], [85.293751, 27.723677], [85.293923, 27.723363], [85.294118, 27.723223], [85.294168, 27.723094], [85.294127, 27.722827], [85.294163, 27.722707], [85.294301, 27.722592], [85.294494, 27.722427], [85.294585, 27.722296], [85.294675, 27.722123], [85.294753, 27.72199], [85.294854, 27.721911], [85.294992, 27.721831], [85.295052, 27.721783], [85.295142, 27.721668], [85.29521, 27.721537], [85.295307, 27.721421], [85.295427, 27.721312], [85.295498, 27.721244], [85.295608, 27.721186], [85.295925, 27.721728], [85.296228, 27.722289], [85.296337, 27.722458], [85.296974, 27.722209], [85.297431, 27.72199], [85.297809, 27.721804], [85.298147, 27.721585], [85.298473, 27.72128], [85.29884, 27.721005], [85.299154, 27.720766], [85.29972, 27.720574], [85.29949, 27.719756], [85.299298, 27.718428], [85.299408, 27.718048], [85.299683, 27.717303], [85.300167, 27.716687], [85.300853, 27.716015], [85.301576, 27.715189], [85.301923, 27.71455], [85.302051, 27.7137], [85.30228, 27.712566], [85.302527, 27.710947], [85.302783, 27.708955], [85.302618, 27.70808], [85.302253, 27.706946], [85.301949, 27.70527], [85.30154, 27.705291], [85.301297, 27.705335], [85.301076, 27.705367], [85.300966, 27.705355], [85.300951, 27.70535], [85.300942, 27.705309], [85.300861, 27.705317], [85.300812, 27.705328], [85.300774, 27.705362], [85.30062, 27.70541], [85.300584, 27.705425], [85.300633, 27.705747], [85.300647, 27.705914], [85.300369, 27.705908], [85.300216, 27.705883], [85.299993, 27.705819], [85.299933, 27.705794], [85.299958, 27.705605], [85.300003, 27.705469], [85.299806, 27.70547], [85.299799, 27.705698], [85.299693, 27.705938], [85.299467, 27.706036], [85.299388, 27.706077], [85.299124, 27.706129], [85.299014, 27.706147], [85.298945, 27.706179], [85.298934, 27.706303], [85.298731, 27.70633], [85.29842, 27.706372], [85.298355, 27.70642], [85.298142, 27.706394], [85.298148, 27.706259], [85.298089, 27.706232], [85.297873, 27.706194], [85.297641, 27.706168], [85.297428, 27.706098], [85.297211, 27.706109], [85.297206, 27.706157], [85.29702, 27.706131], [85.296886, 27.706164], [85.296914, 27.706274], [85.296875, 27.70633], [85.296757, 27.706418], [85.296532, 27.706511], [85.29634, 27.706586], [85.296168, 27.70665], [85.296045, 27.706744], [85.295965, 27.706785], [85.295943, 27.706929], [85.295866, 27.707014], [85.295624, 27.707172], [85.295498, 27.707009], [85.295364, 27.706673], [85.295326, 27.706583], [85.295309, 27.706396], [85.295226, 27.706218], [85.295213, 27.706099], [85.295232, 27.705882], [85.295242, 27.705685], [85.295213, 27.705432], [85.295144, 27.705201], [85.295065, 27.705105], [85.295033, 27.705007], [85.295034, 27.704852], [85.294902, 27.704638], [85.294806, 27.704453], [85.295031, 27.704346], [85.295215, 27.704269], [85.295367, 27.704196], [85.29539, 27.704116], [85.295259, 27.704135], [85.294853, 27.704215], [85.294537, 27.704329], [85.291917, 27.705094], [85.290163, 27.705652], [85.28836, 27.706279], [85.287813, 27.706462], [85.287628, 27.706486], [85.287385, 27.706514], [85.287223, 27.706505], [85.286845, 27.706471], [85.286517, 27.706466], [85.286315, 27.706496], [85.286101, 27.706541], [85.285844, 27.706619], [85.285621, 27.706773], [85.285499, 27.706952], [85.285434, 27.707113], [85.285401, 27.70726], [85.285336, 27.707398], [85.285163, 27.707555]]]]}}, {"type": "Feature", "properties": {"ward_no": 24}, "geometry": {"type": "MultiPolygon", "coordinates": [[[[85.306106, 27.703879], [85.306182, 27.7041], [85.306359, 27.704069], [85.306449, 27.704309], [85.306183, 27.704415], [85.306359, 27.704841], [85.306518, 27.705248], [85.30667, 27.705589], [85.306799, 27.70598], [85.306874, 27.706209], [85.306968, 27.706494], [85.307075, 27.706817], [85.306653, 27.706898], [85.306349, 27.706965], [85.305923, 27.707023], [85.305561, 27.707096], [85.305812, 27.707958], [85.305897, 27.707945], [85.306375, 27.707831], [85.306809, 27.707724], [85.307322, 27.70761], [85.307964, 27.707421], [85.308423, 27.707312], [85.308882, 27.707176], [85.309319, 27.707066], [85.309803, 27.70693], [85.309775, 27.7068], [85.309637, 27.706195], [85.309543, 27.705908], [85.309523, 27.70584], [85.309763, 27.705777], [85.31004, 27.705682], [85.309944, 27.705418], [85.309923, 27.705337], [85.309822, 27.705025], [85.309767, 27.704854], [85.309781, 27.704799], [85.309996, 27.704708], [85.309953, 27.704522], [85.309932, 27.704249], [85.309947, 27.704186], [85.310018, 27.704136], [85.310248, 27.704037], [85.310382, 27.704012], [85.310325, 27.703815], [85.310243, 27.703493], [85.309184, 27.703595], [85.308659, 27.703638], [85.307564, 27.703712], [85.307004, 27.703798], [85.306414, 27.703902], [85.306347, 27.703839], [85.306106, 27.703879]]]]}}, {"type": "Feature", "properties": {"ward_no": 20}, "geometry": {"type": "MultiPolygon", "coordinates": [[[[85.301979, 27.703777], [85.302195, 27.703814], [85.3021, 27.704222], [85.302178, 27.704814], [85.302513, 27.704788], [85.303174, 27.704868], [85.303521, 27.704986], [85.303697, 27.705044], [85.303993, 27.705126], [85.304262, 27.705264], [85.304373, 27.705131], [85.304436, 27.70495], [85.304514, 27.704817], [85.304745, 27.704654], [85.305014, 27.704527], [85.305301, 27.70442], [85.305575, 27.704294], [85.305705, 27.7042], [85.3057, 27.70404], [85.305944, 27.703995], [85.306002, 27.703874], [85.305958, 27.703846], [85.305923, 27.703788], [85.305876, 27.703651], [85.305808, 27.703246], [85.305654, 27.702792], [85.305465, 27.702359], [85.305345, 27.70201], [85.305263, 27.701612], [85.305212, 27.701217], [85.305187, 27.701137], [85.305011, 27.700653], [85.30477, 27.700442], [85.304673, 27.700489], [85.304571, 27.700358], [85.304403, 27.700411], [85.304381, 27.700377], [85.304338, 27.700298], [85.304227, 27.700328], [85.303903, 27.700419], [85.303841, 27.700278], [85.303634, 27.700372], [85.303533, 27.70039], [85.303378, 27.700362], [85.303284, 27.700329], [85.303225, 27.700288], [85.303162, 27.700242], [85.303164, 27.700196], [85.303151, 27.700131], [85.303109, 27.700079], [85.302852, 27.699995], [85.302717, 27.700603], [85.30266, 27.700858], [85.302501, 27.701236], [85.302281, 27.701761], [85.302182, 27.702653], [85.302053, 27.703228], [85.301979, 27.703777]]]]}}, {"type": "Feature", "properties": {"ward_no": 19}, "geometry": {"type": "MultiPolygon", "coordinates": [[[[85.302655, 27.708273], [85.302866, 27.708236], [85.303319, 27.708157], [85.30362, 27.708118], [85.303919, 27.708043], [85.304023, 27.707884], [85.304287, 27.707626], [85.304479, 27.70739], [85.304598, 27.707432], [85.304814, 27.707431], [85.30533, 27.707324], [85.30531, 27.707261], [85.305422, 27.707174], [85.305561, 27.707096], [85.305923, 27.707023], [85.306349, 27.706965], [85.306653, 27.706898], [85.307075, 27.706817], [85.306968, 27.706494], [85.306874, 27.706209], [85.306799, 27.70598], [85.30667, 27.705589], [85.306518, 27.705248], [85.306359, 27.704841], [85.306183, 27.704415], [85.306449, 27.704309], [85.306359, 27.704069], [85.306182, 27.7041], [85.306106, 27.703879], [85.306044, 27.703889], [85.306002, 27.703874], [85.305944, 27.703995], [85.3057, 27.70404], [85.305705, 27.7042], [85.305575, 27.704294], [85.305301, 27.70442], [85.305014, 27.704527], [85.304745, 27.704654], [85.304514, 27.704817], [85.304436, 27.70495], [85.304373, 27.705131], [85.304262, 27.705264], [85.303993, 27.705126], [85.303697, 27.705044], [85.303521, 27.704986], [85.303174, 27.704868], [85.302513, 27.704788], [85.302178, 27.704814], [85.3021, 27.704222], [85.302195, 27.703814], [85.301979, 27.703777], [85.301907, 27.704303], [85.301929, 27.70499], [85.301949, 27.70527], [85.302253, 27.706946], [85.302618, 27.70808], [85.302655, 27.708273]]]]}}, {"type": "Feature", "properties": {"ward_no": 18}, "geometry": {"type": "MultiPolygon", "coordinates": [[[[85.302515, 27.711024], [85.302653, 27.711048], [85.303058, 27.711096], [85.303474, 27.711152], [85.303715, 27.711157], [85.303918, 27.711157], [85.303932, 27.711124], [85.304008, 27.71111], [85.304046, 27.711065], [85.304146, 27.711047], [85.304362, 27.711062], [85.304483, 27.711061], [85.304611, 27.71106], [85.304725, 27.711084], [85.304791, 27.71104], [85.304861, 27.711003], [85.304967, 27.710987], [85.305048, 27.711019], [85.305151, 27.711064], [85.305237, 27.711078], [85.305273, 27.711041], [85.305334, 27.710987], [85.305302, 27.710881], [85.305271, 27.710799], [85.305328, 27.710733], [85.305392, 27.71071], [85.305511, 27.710699], [85.305565, 27.710695], [85.305569, 27.710711], [85.305604, 27.710729], [85.305624, 27.710746], [85.305637, 27.710815], [85.305749, 27.710808], [85.305971, 27.710824], [85.30596, 27.710713], [85.305959, 27.710437], [85.305945, 27.710028], [85.305981, 27.710017], [85.306146, 27.710019], [85.306458, 27.709981], [85.306718, 27.709972], [85.30686, 27.709984], [85.306981, 27.710033], [85.307099, 27.710084], [85.307255, 27.710073], [85.30754, 27.709979], [85.307964, 27.70987], [85.308123, 27.709836], [85.308177, 27.709999], [85.308249, 27.709993], [85.308336, 27.709944], [85.308388, 27.709853], [85.3084, 27.709755], [85.308398, 27.709723], [85.308394, 27.709701], [85.30841, 27.709518], [85.308396, 27.709375], [85.308365, 27.709337], [85.30834, 27.709219], [85.308318, 27.709131], [85.308284, 27.709099], [85.308183, 27.709104], [85.308145, 27.709111], [85.308122, 27.709077], [85.308112, 27.709029], [85.308084, 27.709017], [85.308083, 27.708988], [85.308094, 27.70889], [85.308089, 27.708819], [85.308081, 27.708778], [85.308032, 27.708782], [85.30799, 27.708782], [85.30799, 27.708763], [85.307938, 27.708758], [85.307897, 27.708756], [85.307883, 27.708724], [85.307862, 27.708726], [85.307834, 27.708712], [85.307747, 27.708731], [85.307642, 27.708407], [85.307684, 27.708374], [85.307701, 27.708309], [85.307717, 27.708245], [85.307763, 27.708195], [85.307816, 27.708172], [85.307881, 27.708159], [85.30792, 27.708147], [85.30791, 27.708098], [85.307893, 27.708025], [85.307899, 27.707992], [85.307921, 27.707971], [85.308055, 27.707939], [85.308301, 27.70788], [85.308494, 27.707834], [85.308557, 27.707824], [85.308579, 27.707828], [85.3086, 27.707906], [85.308608, 27.707936], [85.308637, 27.707953], [85.308652, 27.70796], [85.30869, 27.707952], [85.308695, 27.70798], [85.30876, 27.708022], [85.308829, 27.708008], [85.308858, 27.707994], [85.308829, 27.707872], [85.308813, 27.707795], [85.308818, 27.707717], [85.308813, 27.707639], [85.308878, 27.707617], [85.309064, 27.707576], [85.30912, 27.707582], [85.309168, 27.707591], [85.309217, 27.707624], [85.309253, 27.707632], [85.309307, 27.707639], [85.309332, 27.707665], [85.309319, 27.707687], [85.309307, 27.707712], [85.309318, 27.707733], [85.309341, 27.707735], [85.309353, 27.707764], [85.309359, 27.707789], [85.309377, 27.707794], [85.309398, 27.7078], [85.309433, 27.707824], [85.309452, 27.707838], [85.309477, 27.707825], [85.309472, 27.707811], [85.309652, 27.707764], [85.309752, 27.707779], [85.309797, 27.707765], [85.309821, 27.707719], [85.309848, 27.707665], [85.309832, 27.707651], [85.309802, 27.707639], [85.309776, 27.707552], [85.309768, 27.707513], [85.309761, 27.707509], [85.309704, 27.707505], [85.30968, 27.707474], [85.309653, 27.707415], [85.309652, 27.707389], [85.309687, 27.707376], [85.3097, 27.707383], [85.309715, 27.707396], [85.309751, 27.707378], [85.309754, 27.707363], [85.309732, 27.707285], [85.309706, 27.707191], [85.309698, 27.707152], [85.30974, 27.707135], [85.309747, 27.707098], [85.309755, 27.707078], [85.309787, 27.707072], [85.309798, 27.70709], [85.309812, 27.707097], [85.309845, 27.707089], [85.309803, 27.70693], [85.309319, 27.707066], [85.308882, 27.707176], [85.308423, 27.707312], [85.307964, 27.707421], [85.307322, 27.70761], [85.306809, 27.707724], [85.306375, 27.707831], [85.305897, 27.707945], [85.305812, 27.707958], [85.305561, 27.707096], [85.305422, 27.707174], [85.30531, 27.707261], [85.30533, 27.707324], [85.304814, 27.707431], [85.304598, 27.707432], [85.304479, 27.70739], [85.304287, 27.707626], [85.304023, 27.707884], [85.303919, 27.708043], [85.30362, 27.708118], [85.303319, 27.708157], [85.302866, 27.708236], [85.302655, 27.708273], [85.302783, 27.708955], [85.302527, 27.710947], [85.302515, 27.711024]]]]}}, {"type": "Feature", "properties": {"ward_no": 5}, "geometry": {"type": "MultiPolygon", "coordinates": [[[[85.331811, 27.711964], [85.331747, 27.711982], [85.332133, 27.712792], [85.332517, 27.713564], [85.332608, 27.713714], [85.332712, 27.713911], [85.33273, 27.714], [85.332704, 27.714065], [85.332646, 27.714157], [85.332541, 27.714326], [85.332447, 27.714509], [85.332393, 27.714631], [85.332165, 27.714731], [85.331854, 27.714873], [85.331756, 27.71495], [85.33172, 27.715027], [85.331675, 27.71505], [85.331624, 27.715004], [85.331518, 27.714949], [85.331368, 27.714944], [85.331273, 27.714972], [85.330946, 27.715097], [85.330877, 27.71512], [85.330839, 27.715113], [85.330809, 27.715091], [85.330758, 27.715033], [85.330648, 27.714836], [85.330576, 27.714762], [85.330495, 27.714786], [85.330291, 27.714171], [85.329451, 27.714395], [85.329456, 27.714427], [85.329943, 27.715755], [85.330225, 27.716555], [85.330394, 27.717219], [85.330937, 27.718779], [85.330585, 27.718875], [85.33035, 27.718946], [85.330071, 27.719017], [85.33013, 27.719194], [85.329781, 27.719283], [85.329868, 27.719599], [85.329987, 27.720121], [85.329882, 27.720135], [85.329578, 27.720171], [85.329176, 27.720277], [85.329075, 27.720398], [85.329075, 27.720528], [85.32898, 27.720593], [85.328875, 27.720686], [85.328779, 27.720594], [85.328678, 27.720474], [85.3286, 27.720328], [85.328505, 27.720164], [85.328366, 27.720067], [85.328348, 27.72007], [85.328276, 27.720239], [85.328185, 27.720453], [85.328098, 27.720578], [85.328037, 27.72072], [85.328038, 27.720944], [85.328249, 27.720955], [85.328401, 27.721005], [85.328568, 27.721076], [85.328811, 27.721002], [85.329033, 27.720919], [85.329134, 27.720951], [85.32925, 27.721025], [85.32938, 27.721103], [85.329502, 27.721159], [85.329596, 27.721248], [85.329682, 27.721398], [85.329759, 27.721508], [85.329872, 27.721597], [85.330009, 27.721654], [85.330145, 27.721742], [85.330281, 27.721822], [85.330373, 27.721824], [85.330517, 27.721783], [85.330659, 27.721745], [85.330799, 27.721741], [85.330917, 27.721763], [85.330973, 27.721803], [85.331199, 27.721844], [85.331371, 27.721857], [85.331374, 27.721752], [85.331394, 27.721449], [85.331455, 27.721182], [85.331565, 27.720846], [85.33155, 27.720588], [85.331412, 27.720158], [85.331218, 27.719662], [85.331143, 27.71931], [85.331141, 27.719154], [85.331613, 27.718997], [85.332507, 27.718749], [85.333521, 27.718509], [85.333961, 27.719275], [85.334469, 27.720203], [85.334776, 27.720673], [85.334937, 27.72098], [85.335281, 27.721427], [85.335545, 27.721776], [85.335804, 27.721639], [85.3361, 27.721503], [85.336564, 27.72139], [85.337089, 27.721354], [85.337388, 27.721347], [85.337785, 27.721335], [85.338044, 27.721336], [85.338175, 27.72132], [85.338288, 27.721385], [85.338367, 27.72135], [85.338452, 27.721276], [85.338625, 27.721084], [85.338937, 27.72092], [85.339142, 27.720763], [85.339206, 27.720514], [85.339233, 27.720285], [85.339382, 27.720175], [85.339683, 27.720058], [85.33996, 27.719916], [85.340271, 27.719742], [85.340466, 27.719604], [85.340583, 27.719461], [85.340676, 27.719279], [85.340742, 27.719188], [85.340983, 27.719053], [85.340735, 27.718901], [85.340342, 27.718672], [85.339728, 27.718237], [85.339506, 27.717956], [85.339289, 27.7175], [85.339118, 27.716969], [85.338964, 27.716389], [85.338821, 27.715849], [85.338779, 27.715628], [85.338617, 27.715161], [85.338563, 27.71505], [85.338443, 27.71462], [85.338374, 27.714216], [85.33836, 27.713804], [85.338182, 27.713185], [85.338043, 27.712785], [85.337865, 27.712454], [85.337459, 27.711824], [85.337038, 27.711874], [85.33685, 27.711861], [85.33674, 27.711861], [85.335723, 27.712161], [85.334929, 27.712412], [85.334684, 27.712497], [85.334596, 27.712506], [85.33455, 27.712499], [85.334485, 27.712456], [85.33434, 27.712271], [85.334033, 27.711828], [85.333885, 27.711541], [85.333809, 27.711453], [85.333783, 27.711447], [85.333608, 27.71148], [85.333178, 27.711603], [85.331811, 27.711964]]]]}}, {"type": "Feature", "properties": {"ward_no": 1}, "geometry": {"type": "MultiPolygon", "coordinates": [[[[85.330362, 27.717092], [85.330225, 27.716555], [85.329943, 27.715755], [85.329456, 27.714427], [85.329451, 27.714395], [85.330291, 27.714171], [85.330495, 27.714786], [85.330576, 27.714762], [85.330648, 27.714836], [85.330758, 27.715033], [85.330809, 27.715091], [85.330839, 27.715113], [85.330877, 27.71512], [85.330946, 27.715097], [85.331273, 27.714972], [85.331368, 27.714944], [85.331518, 27.714949], [85.331624, 27.715004], [85.331675, 27.71505], [85.33172, 27.715027], [85.331756, 27.71495], [85.331854, 27.714873], [85.332165, 27.714731], [85.332393, 27.714631], [85.332447, 27.714509], [85.332541, 27.714326], [85.332646, 27.714157], [85.332704, 27.714065], [85.33273, 27.714], [85.332712, 27.713911], [85.332608, 27.713714], [85.332517, 27.713564], [85.332133, 27.712792], [85.331747, 27.711982], [85.331811, 27.711964], [85.331716, 27.71163], [85.331651, 27.711433], [85.33153, 27.711147], [85.331435, 27.71089], [85.331334, 27.710633], [85.331177, 27.710217], [85.331057, 27.709915], [85.330964, 27.709656], [85.330895, 27.709491], [85.330901, 27.709428], [85.330925, 27.709353], [85.330963, 27.709278], [85.330906, 27.709184], [85.330806, 27.709026], [85.330753, 27.708906], [85.329893, 27.709053], [85.32782, 27.709542], [85.326244, 27.709889], [85.325451, 27.710031], [85.324541, 27.710127], [85.323661, 27.710165], [85.323012, 27.710234], [85.322226, 27.710318], [85.322207, 27.710287], [85.322089, 27.709667], [85.321586, 27.709747], [85.320656, 27.709843], [85.32007, 27.70992], [85.319549, 27.710014], [85.319231, 27.71002], [85.318779, 27.70993], [85.31816, 27.709933], [85.317683, 27.709872], [85.317299, 27.709712], [85.317194, 27.709504], [85.31701, 27.709366], [85.31645, 27.709137], [85.316024, 27.708965], [85.315403, 27.70877], [85.314573, 27.708655], [85.314721, 27.709583], [85.314988, 27.71128], [85.31538, 27.713623], [85.315744, 27.715372], [85.315978, 27.716479], [85.315997, 27.716806], [85.315934, 27.716969], [85.316162, 27.717129], [85.316559, 27.717553], [85.316972, 27.717953], [85.317101, 27.718057], [85.317345, 27.718082], [85.318096, 27.718025], [85.319112, 27.717979], [85.320703, 27.717894], [85.322015, 27.717835], [85.323174, 27.717772], [85.323885, 27.717585], [85.324867, 27.717306], [85.325166, 27.717295], [85.325865, 27.717303], [85.32627, 27.71739], [85.326938, 27.717557], [85.327507, 27.717644], [85.32792, 27.717685], [85.329174, 27.71738], [85.330362, 27.717092]]]]}}, {"type": "Feature", "properties": {"ward_no": 2}, "geometry": {"type": "MultiPolygon", "coordinates": [[[[85.328038, 27.720944], [85.328037, 27.72072], [85.328098, 27.720578], [85.328185, 27.720453], [85.328276, 27.720239], [85.328348, 27.72007], [85.328366, 27.720067], [85.328505, 27.720164], [85.3286, 27.720328], [85.328678, 27.720474], [85.328779, 27.720594], [85.328875, 27.720686], [85.32898, 27.720593], [85.329075, 27.720528], [85.329075, 27.720398], [85.329176, 27.720277], [85.329578, 27.720171], [85.329882, 27.720135], [85.329987, 27.720121], [85.329868, 27.719599], [85.329781, 27.719283], [85.33013, 27.719194], [85.330071, 27.719017], [85.33035, 27.718946], [85.330585, 27.718875], [85.330937, 27.718779], [85.330394, 27.717219], [85.330362, 27.717092], [85.329174, 27.71738], [85.32792, 27.717685], [85.327507, 27.717644], [85.326938, 27.717557], [85.32627, 27.71739], [85.325865, 27.717303], [85.325166, 27.717295], [85.324867, 27.717306], [85.323885, 27.717585], [85.323174, 27.717772], [85.322015, 27.717835], [85.320703, 27.717894], [85.319112, 27.717979], [85.318096, 27.718025], [85.317345, 27.718082], [85.317101, 27.718057], [85.317423, 27.718409], [85.317406, 27.718785], [85.317421, 27.719366], [85.317444, 27.719722], [85.3176, 27.720332], [85.317738, 27.720677], [85.317803, 27.720895], [85.317808, 27.721313], [85.317908, 27.721615], [85.318575, 27.721418], [85.318736, 27.721977], [85.318444, 27.72207], [85.31863, 27.722531], [85.318751, 27.722834], [85.318882, 27.72321], [85.318917, 27.72331], [85.319435, 27.723152], [85.31952, 27.723561], [85.319559, 27.723667], [85.319619, 27.723699], [85.319788, 27.723739], [85.319953, 27.723747], [85.320175, 27.723816], [85.320357, 27.723918], [85.320654, 27.72397], [85.320837, 27.724018], [85.321173, 27.724083], [85.321305, 27.724091], [85.321526, 27.724052], [85.321741, 27.72404], [85.321898, 27.724107], [85.321996, 27.724228], [85.322036, 27.724389], [85.322002, 27.724539], [85.32195, 27.72463], [85.321961, 27.724679], [85.321993, 27.724712], [85.322047, 27.724733], [85.322422, 27.724647], [85.322747, 27.724599], [85.322968, 27.724636], [85.323102, 27.724885], [85.323171, 27.725023], [85.323416, 27.725339], [85.323577, 27.725503], [85.323662, 27.725587], [85.323789, 27.725644], [85.323981, 27.725641], [85.324195, 27.725644], [85.324256, 27.725718], [85.324343, 27.725789], [85.324454, 27.725872], [85.324494, 27.725939], [85.3246, 27.725968], [85.324746, 27.726016], [85.324993, 27.726224], [85.325247, 27.726386], [85.325501, 27.726516], [85.325816, 27.726664], [85.326001, 27.726764], [85.326067, 27.726838], [85.32608, 27.726977], [85.326326, 27.726936], [85.326523, 27.726966], [85.326551, 27.726855], [85.326545, 27.726749], [85.326468, 27.726711], [85.326392, 27.726685], [85.326289, 27.72665], [85.326217, 27.72661], [85.326186, 27.726533], [85.326159, 27.726425], [85.326187, 27.726342], [85.326082, 27.726198], [85.325979, 27.725907], [85.325883, 27.725666], [85.325828, 27.725491], [85.325891, 27.725361], [85.325926, 27.72529], [85.325984, 27.725246], [85.325982, 27.725097], [85.325959, 27.724843], [85.325936, 27.724563], [85.325904, 27.724267], [85.325763, 27.723879], [85.32571, 27.723773], [85.326006, 27.723778], [85.325998, 27.72368], [85.326209, 27.723689], [85.326244, 27.723844], [85.326598, 27.723888], [85.326944, 27.723891], [85.327128, 27.723873], [85.327598, 27.723748], [85.328174, 27.723581], [85.328, 27.723408], [85.327973, 27.723198], [85.327991, 27.72258], [85.327945, 27.72211], [85.32792, 27.721805], [85.327905, 27.721656], [85.327935, 27.721493], [85.32799, 27.721321], [85.328038, 27.720944]]]]}}, {"type": "Feature", "properties": {"ward_no": 4}, "geometry": {"type": "MultiPolygon", "coordinates": [[[[85.326523, 27.726966], [85.326816, 27.727081], [85.327357, 27.727248], [85.327758, 27.727288], [85.327974, 27.727257], [85.328179, 27.72718], [85.328215, 27.727249], [85.328275, 27.727537], [85.328269, 27.727689], [85.328284, 27.727845], [85.32835, 27.728147], [85.328386, 27.728375], [85.328526, 27.72836], [85.328683, 27.728375], [85.328803, 27.72842], [85.32882, 27.728628], [85.328843, 27.728845], [85.328893, 27.728912], [85.328902, 27.729046], [85.32892, 27.729198], [85.328929, 27.729333], [85.328973, 27.72956], [85.329078, 27.729808], [85.329143, 27.72985], [85.329224, 27.729943], [85.329273, 27.729929], [85.329326, 27.729825], [85.329431, 27.729714], [85.329533, 27.729659], [85.329631, 27.729565], [85.329756, 27.729551], [85.329991, 27.729529], [85.330283, 27.729457], [85.330583, 27.729402], [85.330845, 27.729346], [85.330877, 27.729451], [85.330927, 27.729643], [85.331052, 27.729926], [85.331204, 27.7304], [85.331293, 27.730718], [85.331455, 27.731237], [85.332216, 27.731078], [85.332845, 27.730942], [85.332888, 27.731106], [85.332979, 27.731434], [85.333093, 27.731845], [85.333181, 27.732183], [85.333296, 27.73261], [85.333402, 27.732976], [85.333508, 27.733335], [85.333588, 27.733634], [85.33367, 27.733912], [85.33375, 27.734217], [85.333787, 27.734467], [85.333799, 27.734609], [85.33362, 27.734647], [85.333427, 27.734686], [85.333665, 27.734877], [85.333944, 27.735122], [85.334151, 27.735278], [85.334651, 27.735613], [85.334931, 27.735843], [85.335221, 27.735987], [85.335113, 27.736081], [85.334868, 27.736312], [85.334422, 27.736778], [85.334873, 27.737172], [85.335195, 27.736948], [85.335355, 27.737044], [85.335603, 27.736997], [85.335767, 27.736923], [85.336154, 27.736796], [85.336365, 27.736728], [85.336473, 27.73671], [85.336638, 27.736706], [85.336743, 27.736885], [85.336937, 27.737336], [85.337052, 27.737671], [85.337185, 27.737989], [85.33735, 27.738426], [85.33744, 27.738625], [85.337514, 27.738817], [85.337594, 27.739016], [85.337646, 27.739021], [85.337775, 27.738986], [85.337965, 27.738931], [85.33814, 27.738934], [85.338434, 27.739018], [85.338405, 27.739074], [85.338388, 27.739125], [85.338505, 27.739274], [85.339033, 27.738992], [85.339244, 27.739219], [85.339381, 27.739255], [85.339462, 27.739223], [85.339555, 27.739159], [85.339692, 27.739153], [85.339785, 27.739191], [85.339862, 27.739262], [85.339901, 27.739346], [85.339976, 27.739347], [85.340168, 27.739367], [85.340453, 27.739347], [85.34065, 27.739381], [85.3408, 27.739429], [85.340898, 27.73947], [85.341026, 27.739493], [85.341394, 27.739454], [85.341667, 27.739408], [85.341828, 27.739346], [85.34199, 27.739292], [85.342157, 27.739298], [85.342199, 27.739221], [85.342314, 27.73898], [85.342327, 27.738811], [85.342245, 27.738534], [85.342226, 27.738403], [85.342122, 27.738341], [85.34206, 27.738198], [85.342011, 27.738002], [85.342312, 27.737927], [85.34252, 27.737884], [85.342471, 27.737696], [85.342616, 27.737641], [85.342974, 27.737527], [85.343156, 27.73742], [85.343456, 27.737326], [85.343548, 27.737657], [85.34334, 27.737729], [85.343407, 27.737998], [85.343488, 27.738249], [85.34361, 27.73862], [85.343771, 27.738583], [85.343824, 27.738583], [85.343966, 27.738805], [85.344042, 27.738988], [85.34401, 27.739034], [85.343902, 27.739142], [85.343998, 27.739283], [85.344175, 27.739557], [85.344225, 27.739703], [85.344266, 27.740006], [85.344325, 27.740112], [85.344423, 27.740333], [85.344608, 27.740609], [85.344725, 27.740775], [85.344818, 27.740939], [85.34488, 27.74121], [85.345177, 27.741287], [85.345465, 27.741381], [85.345732, 27.741487], [85.345877, 27.741477], [85.346074, 27.741417], [85.346213, 27.741269], [85.346301, 27.741128], [85.346412, 27.74091], [85.346468, 27.740689], [85.346517, 27.740636], [85.346836, 27.740539], [85.347263, 27.74041], [85.34723, 27.740306], [85.347257, 27.740193], [85.347293, 27.740131], [85.347326, 27.739928], [85.347345, 27.739671], [85.347316, 27.739524], [85.34725, 27.739282], [85.347263, 27.739114], [85.347179, 27.738801], [85.347079, 27.738502], [85.34711, 27.738227], [85.347274, 27.738024], [85.347334, 27.737856], [85.347266, 27.737693], [85.347174, 27.737569], [85.346936, 27.737471], [85.34676, 27.737392], [85.34662, 27.737303], [85.346478, 27.737317], [85.34628, 27.737382], [85.346164, 27.73738], [85.345848, 27.737364], [85.345771, 27.737212], [85.345589, 27.736895], [85.345418, 27.736631], [85.345289, 27.736419], [85.345281, 27.736363], [85.345413, 27.736258], [85.345707, 27.736143], [85.345834, 27.736036], [85.345666, 27.73592], [85.345515, 27.735754], [85.345407, 27.735621], [85.345247, 27.735544], [85.345146, 27.735409], [85.345093, 27.735275], [85.345159, 27.73521], [85.345125, 27.735144], [85.345011, 27.735008], [85.344907, 27.734834], [85.34483, 27.734615], [85.344781, 27.734434], [85.344834, 27.734396], [85.344977, 27.734336], [85.345124, 27.73427], [85.345278, 27.734186], [85.345443, 27.734064], [85.345556, 27.73393], [85.345807, 27.733913], [85.34581, 27.73381], [85.345817, 27.733524], [85.345742, 27.733385], [85.345618, 27.733145], [85.345576, 27.733006], [85.345445, 27.732847], [85.345625, 27.732783], [85.346019, 27.732635], [85.346393, 27.732555], [85.347009, 27.732422], [85.346992, 27.732277], [85.346955, 27.731878], [85.346898, 27.73154], [85.3469, 27.731216], [85.346878, 27.730951], [85.346803, 27.730803], [85.346717, 27.7306], [85.346665, 27.730256], [85.346955, 27.730216], [85.347167, 27.73025], [85.347358, 27.730255], [85.347438, 27.730352], [85.34749, 27.730444], [85.347586, 27.730586], [85.347669, 27.730701], [85.34775, 27.730754], [85.347806, 27.730764], [85.347836, 27.730825], [85.348044, 27.731229], [85.34817, 27.731453], [85.348468, 27.73181], [85.348639, 27.732002], [85.348998, 27.731731], [85.349232, 27.731577], [85.349414, 27.731346], [85.349644, 27.730966], [85.350068, 27.730331], [85.35021, 27.729941], [85.350263, 27.729496], [85.350129, 27.729008], [85.350037, 27.728632], [85.349897, 27.728362], [85.349638, 27.728105], [85.349383, 27.727844], [85.34914, 27.727442], [85.348984, 27.727072], [85.348839, 27.726585], [85.348818, 27.726239], [85.348876, 27.725945], [85.349024, 27.725656], [85.3491, 27.725448], [85.349129, 27.725221], [85.349082, 27.725035], [85.348816, 27.724733], [85.348347, 27.724398], [85.347939, 27.724091], [85.347682, 27.723943], [85.347468, 27.723921], [85.346969, 27.723962], [85.346568, 27.723962], [85.346369, 27.723889], [85.346263, 27.723792], [85.346187, 27.723626], [85.346141, 27.723191], [85.346037, 27.722949], [85.345877, 27.722701], [85.345787, 27.722389], [85.345687, 27.722074], [85.345555, 27.722], [85.345132, 27.721901], [85.344532, 27.721854], [85.343956, 27.72192], [85.343646, 27.721865], [85.34347, 27.721885], [85.343192, 27.721977], [85.342942, 27.72209], [85.342731, 27.722182], [85.342546, 27.722207], [85.342421, 27.722141], [85.342297, 27.721883], [85.342169, 27.721617], [85.342078, 27.721427], [85.341898, 27.721198], [85.341712, 27.720981], [85.341536, 27.720784], [85.341442, 27.720711], [85.341408, 27.720635], [85.341442, 27.720543], [85.341553, 27.720405], [85.341789, 27.720262], [85.341976, 27.7201], [85.342041, 27.719981], [85.342083, 27.719819], [85.342062, 27.719604], [85.342023, 27.719503], [85.34194, 27.719416], [85.341814, 27.719317], [85.341523, 27.719235], [85.341261, 27.719165], [85.340983, 27.719053], [85.340742, 27.719188], [85.340676, 27.719279], [85.340583, 27.719461], [85.340466, 27.719604], [85.340271, 27.719742], [85.33996, 27.719916], [85.339683, 27.720058], [85.339382, 27.720175], [85.339233, 27.720285], [85.339206, 27.720514], [85.339142, 27.720763], [85.338937, 27.72092], [85.338625, 27.721084], [85.338452, 27.721276], [85.338367, 27.72135], [85.338288, 27.721385], [85.338175, 27.72132], [85.338044, 27.721336], [85.337785, 27.721335], [85.337388, 27.721347], [85.337089, 27.721354], [85.336564, 27.72139], [85.3361, 27.721503], [85.335804, 27.721639], [85.335545, 27.721776], [85.335281, 27.721427], [85.334937, 27.72098], [85.334776, 27.720673], [85.334469, 27.720203], [85.333961, 27.719275], [85.333521, 27.718509], [85.332507, 27.718749], [85.331613, 27.718997], [85.331141, 27.719154], [85.331143, 27.71931], [85.331218, 27.719662], [85.331412, 27.720158], [85.33155, 27.720588], [85.331565, 27.720846], [85.331455, 27.721182], [85.331394, 27.721449], [85.331374, 27.721752], [85.331371, 27.721857], [85.331199, 27.721844], [85.330973, 27.721803], [85.330917, 27.721763], [85.330799, 27.721741], [85.330659, 27.721745], [85.330517, 27.721783], [85.330373, 27.721824], [85.330281, 27.721822], [85.330145, 27.721742], [85.330009, 27.721654], [85.329872, 27.721597], [85.329759, 27.721508], [85.329682, 27.721398], [85.329596, 27.721248], [85.329502, 27.721159], [85.32938, 27.721103], [85.32925, 27.721025], [85.329134, 27.720951], [85.329033, 27.720919], [85.328811, 27.721002], [85.328568, 27.721076], [85.328401, 27.721005], [85.328249, 27.720955], [85.328038, 27.720944], [85.32799, 27.721321], [85.327935, 27.721493], [85.327905, 27.721656], [85.32792, 27.721805], [85.327945, 27.72211], [85.327991, 27.72258], [85.327973, 27.723198], [85.328, 27.723408], [85.328174, 27.723581], [85.327598, 27.723748], [85.327128, 27.723873], [85.326944, 27.723891], [85.326598, 27.723888], [85.326244, 27.723844], [85.326209, 27.723689], [85.325998, 27.72368], [85.326006, 27.723778], [85.32571, 27.723773], [85.325763, 27.723879], [85.325904, 27.724267], [85.325936, 27.724563], [85.325959, 27.724843], [85.325982, 27.725097], [85.325984, 27.725246], [85.325926, 27.72529], [85.325891, 27.725361], [85.325828, 27.725491], [85.325883, 27.725666], [85.325979, 27.725907], [85.326082, 27.726198], [85.326187, 27.726342], [85.326159, 27.726425], [85.326186, 27.726533], [85.326217, 27.72661], [85.326289, 27.72665], [85.326392, 27.726685], [85.326468, 27.726711], [85.326545, 27.726749], [85.326551, 27.726855], [85.326523, 27.726966]]]]}}, {"type": "Feature", "properties": {"ward_no": 3}, "geometry": {"type": "MultiPolygon", "coordinates": [[[[85.322047, 27.724733], [85.321423, 27.724957], [85.321472, 27.725195], [85.321454, 27.725302], [85.32141, 27.725444], [85.321362, 27.725546], [85.321342, 27.72575], [85.321246, 27.725783], [85.32099, 27.725871], [85.32081, 27.725965], [85.320633, 27.726141], [85.320662, 27.726244], [85.320738, 27.726406], [85.320684, 27.726514], [85.320467, 27.726677], [85.320418, 27.726756], [85.320443, 27.726803], [85.32054, 27.726913], [85.320691, 27.727039], [85.320761, 27.727128], [85.320777, 27.727263], [85.320851, 27.727347], [85.321059, 27.72751], [85.321117, 27.727621], [85.321096, 27.727687], [85.321101, 27.727785], [85.321121, 27.727929], [85.32115, 27.728086], [85.321174, 27.72833], [85.321166, 27.728492], [85.321141, 27.728519], [85.320932, 27.728576], [85.320664, 27.72866], [85.320394, 27.728749], [85.319969, 27.728961], [85.319768, 27.729085], [85.319542, 27.729247], [85.319367, 27.729435], [85.319152, 27.729672], [85.319, 27.729843], [85.31885, 27.729996], [85.318579, 27.729923], [85.318386, 27.729836], [85.318256, 27.72981], [85.318113, 27.729796], [85.317998, 27.729669], [85.317784, 27.729363], [85.317593, 27.729208], [85.317283, 27.729011], [85.31702, 27.728859], [85.316913, 27.728946], [85.316945, 27.729026], [85.317055, 27.729114], [85.317204, 27.729232], [85.317391, 27.729363], [85.317543, 27.729568], [85.317652, 27.729777], [85.317796, 27.730007], [85.31788, 27.730155], [85.3179, 27.730405], [85.317941, 27.730677], [85.317944, 27.73091], [85.317894, 27.731157], [85.31788, 27.731388], [85.317858, 27.731667], [85.31783, 27.731897], [85.317737, 27.732247], [85.317691, 27.732537], [85.317641, 27.732947], [85.317614, 27.733204], [85.317592, 27.733391], [85.31762, 27.733589], [85.317566, 27.733795], [85.317563, 27.733972], [85.317598, 27.734134], [85.317664, 27.734447], [85.317701, 27.734736], [85.317753, 27.73509], [85.318832, 27.735167], [85.319578, 27.735229], [85.320085, 27.735331], [85.320682, 27.73551], [85.321399, 27.735798], [85.322317, 27.736345], [85.323924, 27.737311], [85.325373, 27.738208], [85.327112, 27.739261], [85.328928, 27.740359], [85.330868, 27.741556], [85.33141, 27.74187], [85.331843, 27.742082], [85.332393, 27.742149], [85.332845, 27.74211], [85.333176, 27.742049], [85.333503, 27.741924], [85.333581, 27.742041], [85.333633, 27.74231], [85.333633, 27.742513], [85.333608, 27.742755], [85.333551, 27.742876], [85.333478, 27.742981], [85.333454, 27.743046], [85.333481, 27.743239], [85.33351, 27.743442], [85.333544, 27.743574], [85.333642, 27.743735], [85.333692, 27.743899], [85.333723, 27.74406], [85.333697, 27.744287], [85.333712, 27.744342], [85.333746, 27.744399], [85.333858, 27.744511], [85.334025, 27.744671], [85.334182, 27.744806], [85.334349, 27.744914], [85.33446, 27.745055], [85.334646, 27.7453], [85.334777, 27.745555], [85.334823, 27.745728], [85.334809, 27.745855], [85.334808, 27.746004], [85.334814, 27.746081], [85.334931, 27.746163], [85.335056, 27.746306], [85.335219, 27.746457], [85.335422, 27.746594], [85.335452, 27.746642], [85.335502, 27.74677], [85.335479, 27.74689], [85.335505, 27.746972], [85.335539, 27.747029], [85.335602, 27.747058], [85.335742, 27.747102], [85.33586, 27.747163], [85.336022, 27.747183], [85.336172, 27.747174], [85.336266, 27.74721], [85.336362, 27.747336], [85.336527, 27.747535], [85.336689, 27.747663], [85.336836, 27.747744], [85.336994, 27.747783], [85.337138, 27.747719], [85.337259, 27.747648], [85.337411, 27.747569], [85.337519, 27.747592], [85.337824, 27.747635], [85.338209, 27.747602], [85.338487, 27.74763], [85.338628, 27.74761], [85.338814, 27.747683], [85.339086, 27.747896], [85.339415, 27.748148], [85.339692, 27.748351], [85.340098, 27.748479], [85.340333, 27.748493], [85.34057, 27.748397], [85.340831, 27.748339], [85.341319, 27.748283], [85.341632, 27.748242], [85.341864, 27.748365], [85.342225, 27.748535], [85.342737, 27.74867], [85.343209, 27.748771], [85.343662, 27.748943], [85.344033, 27.749093], [85.344399, 27.749199], [85.344725, 27.749226], [85.344852, 27.749322], [85.345057, 27.749437], [85.345133, 27.749499], [85.345107, 27.749615], [85.345051, 27.749706], [85.345007, 27.749844], [85.345044, 27.749984], [85.345104, 27.750009], [85.345207, 27.75001], [85.345316, 27.750041], [85.345463, 27.75001], [85.345494, 27.749946], [85.34551, 27.749702], [85.345494, 27.749195], [85.345543, 27.749087], [85.345741, 27.748687], [85.345738, 27.748431], [85.345789, 27.748252], [85.345805, 27.747977], [85.345912, 27.747817], [85.346066, 27.747569], [85.346209, 27.74731], [85.346217, 27.746993], [85.346159, 27.746704], [85.346103, 27.746421], [85.346062, 27.746225], [85.345889, 27.745994], [85.345686, 27.745746], [85.345681, 27.745387], [85.345777, 27.745304], [85.345961, 27.745201], [85.345906, 27.744954], [85.345792, 27.744625], [85.345826, 27.744335], [85.346035, 27.744125], [85.346299, 27.744005], [85.346414, 27.743836], [85.346468, 27.743688], [85.346427, 27.743518], [85.346466, 27.74322], [85.346476, 27.742906], [85.346503, 27.742777], [85.346631, 27.742752], [85.346788, 27.742651], [85.346847, 27.742392], [85.346878, 27.74221], [85.3469, 27.742028], [85.346979, 27.741805], [85.347046, 27.741652], [85.347212, 27.741405], [85.347286, 27.741193], [85.347337, 27.741027], [85.347458, 27.740851], [85.34749, 27.740709], [85.347424, 27.74053], [85.347263, 27.74041], [85.346836, 27.740539], [85.346517, 27.740636], [85.346468, 27.740689], [85.346412, 27.74091], [85.346301, 27.741128], [85.346213, 27.741269], [85.346074, 27.741417], [85.345877, 27.741477], [85.345732, 27.741487], [85.345465, 27.741381], [85.345177, 27.741287], [85.34488, 27.74121], [85.344818, 27.740939], [85.344725, 27.740775], [85.344608, 27.740609], [85.344423, 27.740333], [85.344325, 27.740112], [85.344266, 27.740006], [85.344225, 27.739703], [85.344175, 27.739557], [85.343998, 27.739283], [85.343902, 27.739142], [85.34401, 27.739034], [85.344042, 27.738988], [85.343966, 27.738805], [85.343824, 27.738583], [85.343771, 27.738583], [85.34361, 27.73862], [85.343488, 27.738249], [85.343407, 27.737998], [85.34334, 27.737729], [85.343548, 27.737657], [85.343456, 27.737326], [85.343156, 27.73742], [85.342974, 27.737527], [85.342616, 27.737641], [85.342471, 27.737696], [85.34252, 27.737884], [85.342312, 27.737927], [85.342011, 27.738002], [85.34206, 27.738198], [85.342122, 27.738341], [85.342226, 27.738403], [85.342245, 27.738534], [85.342327, 27.738811], [85.342314, 27.73898], [85.342199, 27.739221], [85.342157, 27.739298], [85.34199, 27.739292], [85.341828, 27.739346], [85.341667, 27.739408], [85.341394, 27.739454], [85.341026, 27.739493], [85.340898, 27.73947], [85.3408, 27.739429], [85.34065, 27.739381], [85.340453, 27.739347], [85.340168, 27.739367], [85.339976, 27.739347], [85.339901, 27.739346], [85.339862, 27.739262], [85.339785, 27.739191], [85.339692, 27.739153], [85.339555, 27.739159], [85.339462, 27.739223], [85.339381, 27.739255], [85.339244, 27.739219], [85.339033, 27.738992], [85.338505, 27.739274], [85.338388, 27.739125], [85.338405, 27.739074], [85.338434, 27.739018], [85.33814, 27.738934], [85.337965, 27.738931], [85.337775, 27.738986], [85.337646, 27.739021], [85.337594, 27.739016], [85.337514, 27.738817], [85.33744, 27.738625], [85.33735, 27.738426], [85.337185, 27.737989], [85.337052, 27.737671], [85.336937, 27.737336], [85.336743, 27.736885], [85.336638, 27.736706], [85.336473, 27.73671], [85.336365, 27.736728], [85.336154, 27.736796], [85.335767, 27.736923], [85.335603, 27.736997], [85.335355, 27.737044], [85.335195, 27.736948], [85.334873, 27.737172], [85.334422, 27.736778], [85.334868, 27.736312], [85.335113, 27.736081], [85.335221, 27.735987], [85.334931, 27.735843], [85.334651, 27.735613], [85.334151, 27.735278], [85.333944, 27.735122], [85.333665, 27.734877], [85.333427, 27.734686], [85.33362, 27.734647], [85.333799, 27.734609], [85.333787, 27.734467], [85.33375, 27.734217], [85.33367, 27.733912], [85.333588, 27.733634], [85.333508, 27.733335], [85.333402, 27.732976], [85.333296, 27.73261], [85.333181, 27.732183], [85.333093, 27.731845], [85.332979, 27.731434], [85.332888, 27.731106], [85.332845, 27.730942], [85.332216, 27.731078], [85.331455, 27.731237], [85.331293, 27.730718], [85.331204, 27.7304], [85.331052, 27.729926], [85.330927, 27.729643], [85.330877, 27.729451], [85.330845, 27.729346], [85.330583, 27.729402], [85.330283, 27.729457], [85.329991, 27.729529], [85.329756, 27.729551], [85.329631, 27.729565], [85.329533, 27.729659], [85.329431, 27.729714], [85.329326, 27.729825], [85.329273, 27.729929], [85.329224, 27.729943], [85.329143, 27.72985], [85.329078, 27.729808], [85.328973, 27.72956], [85.328929, 27.729333], [85.32892, 27.729198], [85.328902, 27.729046], [85.328893, 27.728912], [85.328843, 27.728845], [85.32882, 27.728628], [85.328803, 27.72842], [85.328683, 27.728375], [85.328526, 27.72836], [85.328386, 27.728375], [85.32835, 27.728147], [85.328284, 27.727845], [85.328269, 27.727689], [85.328275, 27.727537], [85.328215, 27.727249], [85.328179, 27.72718], [85.327974, 27.727257], [85.327758, 27.727288], [85.327357, 27.727248], [85.326816, 27.727081], [85.326523, 27.726966], [85.326326, 27.726936], [85.32608, 27.726977], [85.326067, 27.726838], [85.326001, 27.726764], [85.325816, 27.726664], [85.325501, 27.726516], [85.325247, 27.726386], [85.324993, 27.726224], [85.324746, 27.726016], [85.3246, 27.725968], [85.324494, 27.725939], [85.324454, 27.725872], [85.324343, 27.725789], [85.324256, 27.725718], [85.324195, 27.725644], [85.323981, 27.725641], [85.323789, 27.725644], [85.323662, 27.725587], [85.323577, 27.725503], [85.323416, 27.725339], [85.323171, 27.725023], [85.323102, 27.724885], [85.322968, 27.724636], [85.322747, 27.724599], [85.322422, 27.724647], [85.322047, 27.724733]]]]}}, {"type": "Feature", "properties": {"ward_no": 27}, "geometry": {"type": "MultiPolygon", "coordinates": [[[[85.311817, 27.705635], [85.311878, 27.705699], [85.311924, 27.705766], [85.312001, 27.705815], [85.312056, 27.705868], [85.312087, 27.706013], [85.312149, 27.7061], [85.312186, 27.706183], [85.312227, 27.706287], [85.312235, 27.70635], [85.312147, 27.706372], [85.312072, 27.706387], [85.311882, 27.706431], [85.311746, 27.706485], [85.311679, 27.70652], [85.311655, 27.706559], [85.311646, 27.706626], [85.311717, 27.706884], [85.31164, 27.706909], [85.311693, 27.707149], [85.311728, 27.707164], [85.311982, 27.707299], [85.312112, 27.707405], [85.312127, 27.7075], [85.312095, 27.70766], [85.312038, 27.707801], [85.311896, 27.708041], [85.311793, 27.70831], [85.311819, 27.708352], [85.311937, 27.708397], [85.311983, 27.708586], [85.312057, 27.708936], [85.312122, 27.709282], [85.312162, 27.709569], [85.312185, 27.709825], [85.312205, 27.710057], [85.31221, 27.710313], [85.312222, 27.710454], [85.312244, 27.710718], [85.312235, 27.710899], [85.312208, 27.711112], [85.312191, 27.711371], [85.312145, 27.711621], [85.31214, 27.711913], [85.31213, 27.712144], [85.31217, 27.712441], [85.312188, 27.712778], [85.312245, 27.713126], [85.312309, 27.713533], [85.312372, 27.713856], [85.312439, 27.714201], [85.312655, 27.71415], [85.313242, 27.714019], [85.313833, 27.713937], [85.31433, 27.71386], [85.315389, 27.713669], [85.31538, 27.713623], [85.314988, 27.71128], [85.314721, 27.709583], [85.314573, 27.708655], [85.314407, 27.708539], [85.314363, 27.708039], [85.314248, 27.707046], [85.314196, 27.706592], [85.314019, 27.705466], [85.313798, 27.704552], [85.313116, 27.704559], [85.312835, 27.704578], [85.312889, 27.704814], [85.312657, 27.704877], [85.31259, 27.704875], [85.312573, 27.705037], [85.312251, 27.70504], [85.312205, 27.705042], [85.312204, 27.70524], [85.3122, 27.705405], [85.311811, 27.7055], [85.311817, 27.705635]]]]}}, {"type": "Feature", "properties": {"ward_no": 6}, "geometry": {"type": "MultiPolygon", "coordinates": [[[[85.350489, 27.726916], [85.350709, 27.727026], [85.350909, 27.727127], [85.351129, 27.72719], [85.351403, 27.727252], [85.351827, 27.72735], [85.352007, 27.727372], [85.352194, 27.727396], [85.352398, 27.727441], [85.352627, 27.727562], [85.352836, 27.727715], [85.353002, 27.727872], [85.353137, 27.728013], [85.353359, 27.728075], [85.353773, 27.728079], [85.354103, 27.728064], [85.354316, 27.728086], [85.354558, 27.72816], [85.354771, 27.728247], [85.354936, 27.728324], [85.354975, 27.728373], [85.35499, 27.728439], [85.354992, 27.72851], [85.354996, 27.728598], [85.355004, 27.728657], [85.355013, 27.728672], [85.355049, 27.728711], [85.35512, 27.728768], [85.355199, 27.7288], [85.355397, 27.728823], [85.355624, 27.728836], [85.355854, 27.72882], [85.356209, 27.728799], [85.356475, 27.728779], [85.356652, 27.728789], [85.356981, 27.728868], [85.357398, 27.72885], [85.357757, 27.72881], [85.357978, 27.728793], [85.358197, 27.728746], [85.358385, 27.728702], [85.358565, 27.728695], [85.358726, 27.72878], [85.358843, 27.72888], [85.358939, 27.728902], [85.359128, 27.72888], [85.359315, 27.728882], [85.359446, 27.728888], [85.359569, 27.72892], [85.359623, 27.728969], [85.359862, 27.729112], [85.360117, 27.729323], [85.360246, 27.729485], [85.360329, 27.729668], [85.360451, 27.729973], [85.360572, 27.730208], [85.360775, 27.730499], [85.361085, 27.730764], [85.36138, 27.731131], [85.361569, 27.731517], [85.361684, 27.731633], [85.36189, 27.73172], [85.362146, 27.731827], [85.362275, 27.731921], [85.36236, 27.732042], [85.362544, 27.732011], [85.362762, 27.731973], [85.362818, 27.731918], [85.36293, 27.731964], [85.36322, 27.732158], [85.363609, 27.732344], [85.363841, 27.732468], [85.364195, 27.732754], [85.364342, 27.732922], [85.36455, 27.733072], [85.364747, 27.733158], [85.365005, 27.733331], [85.365154, 27.733363], [85.365268, 27.733367], [85.365457, 27.733544], [85.36569, 27.733766], [85.365871, 27.73392], [85.36606, 27.734079], [85.366232, 27.734233], [85.36633, 27.73437], [85.366517, 27.7345], [85.366592, 27.734656], [85.366651, 27.734684], [85.366813, 27.734762], [85.366923, 27.734879], [85.367113, 27.734991], [85.367244, 27.735055], [85.367432, 27.735195], [85.367403, 27.735293], [85.367438, 27.73531], [85.367625, 27.735352], [85.367756, 27.735534], [85.367878, 27.735595], [85.368133, 27.735692], [85.368423, 27.735791], [85.368725, 27.735775], [85.36903, 27.7357], [85.369404, 27.735594], [85.369809, 27.735542], [85.370376, 27.735456], [85.370721, 27.73538], [85.370887, 27.735382], [85.371034, 27.735409], [85.371175, 27.735395], [85.371351, 27.735467], [85.371582, 27.735532], [85.371835, 27.735558], [85.371993, 27.735557], [85.372172, 27.735377], [85.372391, 27.735504], [85.372552, 27.735623], [85.372676, 27.735355], [85.372826, 27.735228], [85.373131, 27.735037], [85.373256, 27.734773], [85.373299, 27.734688], [85.373406, 27.734648], [85.373461, 27.73458], [85.373509, 27.734333], [85.37357, 27.733954], [85.373622, 27.73374], [85.373632, 27.733627], [85.373633, 27.73334], [85.373667, 27.733042], [85.373621, 27.732978], [85.373562, 27.732814], [85.373506, 27.732615], [85.373317, 27.732185], [85.373225, 27.731864], [85.37324, 27.731825], [85.373373, 27.731775], [85.37368, 27.731682], [85.37391, 27.731574], [85.373945, 27.73149], [85.373998, 27.731382], [85.374121, 27.73132], [85.374574, 27.731134], [85.37493, 27.730969], [85.375129, 27.730839], [85.375139, 27.730804], [85.375133, 27.730784], [85.375113, 27.730759], [85.374731, 27.730504], [85.374252, 27.730152], [85.373945, 27.729855], [85.373988, 27.729719], [85.374044, 27.729488], [85.374068, 27.729438], [85.374147, 27.729419], [85.374254, 27.72943], [85.374295, 27.729419], [85.374283, 27.729219], [85.374279, 27.72903], [85.374261, 27.728812], [85.374296, 27.728631], [85.374318, 27.728496], [85.374243, 27.728329], [85.374209, 27.728178], [85.374172, 27.728076], [85.37416, 27.727993], [85.374253, 27.727892], [85.37436, 27.72778], [85.37437, 27.727706], [85.374223, 27.727602], [85.374081, 27.7275], [85.373945, 27.727382], [85.37398, 27.727297], [85.37392, 27.727122], [85.373816, 27.72691], [85.37363, 27.72667], [85.373473, 27.726428], [85.373291, 27.726235], [85.373142, 27.726061], [85.372893, 27.725788], [85.372717, 27.725595], [85.372584, 27.725395], [85.372446, 27.725225], [85.372318, 27.72508], [85.372246, 27.724875], [85.372173, 27.724771], [85.372077, 27.724719], [85.371896, 27.724667], [85.371723, 27.724598], [85.371628, 27.724456], [85.371512, 27.724284], [85.371488, 27.724187], [85.371494, 27.724071], [85.371508, 27.723989], [85.371577, 27.723933], [85.371654, 27.723905], [85.371731, 27.723833], [85.371863, 27.723778], [85.371847, 27.723668], [85.371819, 27.723532], [85.371817, 27.723449], [85.371788, 27.723335], [85.371791, 27.723271], [85.371813, 27.723196], [85.371851, 27.723109], [85.371853, 27.723011], [85.371825, 27.722782], [85.371745, 27.722529], [85.371667, 27.722305], [85.37159, 27.722103], [85.371599, 27.722007], [85.371642, 27.721833], [85.371621, 27.721662], [85.37159, 27.721472], [85.371231, 27.721433], [85.370552, 27.721401], [85.369967, 27.721366], [85.369443, 27.721302], [85.368916, 27.72122], [85.368409, 27.721148], [85.367944, 27.721088], [85.367523, 27.721037], [85.367036, 27.720964], [85.366611, 27.720885], [85.366205, 27.720796], [85.365865, 27.720721], [85.365602, 27.720676], [85.365202, 27.720619], [85.364938, 27.720561], [85.365001, 27.720441], [85.365172, 27.720365], [85.365457, 27.720238], [85.365705, 27.720127], [85.366055, 27.720051], [85.366042, 27.720018], [85.365941, 27.719774], [85.365973, 27.719659], [85.365867, 27.719382], [85.365705, 27.719092], [85.366029, 27.718925], [85.366289, 27.718751], [85.36627, 27.718653], [85.366185, 27.718651], [85.3661, 27.718646], [85.365974, 27.718522], [85.365865, 27.718371], [85.365695, 27.718443], [85.365486, 27.718518], [85.365426, 27.718493], [85.365316, 27.718338], [85.365184, 27.718093], [85.365065, 27.71788], [85.364989, 27.717675], [85.364987, 27.717551], [85.364968, 27.7174], [85.364971, 27.717194], [85.364957, 27.717157], [85.36484, 27.717006], [85.364688, 27.716775], [85.36457, 27.716591], [85.364499, 27.71638], [85.364497, 27.716194], [85.36452, 27.716086], [85.364766, 27.715797], [85.36498, 27.715575], [85.365155, 27.715321], [85.365304, 27.715025], [85.365428, 27.714817], [85.365644, 27.714557], [85.365748, 27.714378], [85.365849, 27.71418], [85.365895, 27.714037], [85.36589, 27.713875], [85.365974, 27.713804], [85.366198, 27.713642], [85.366481, 27.713403], [85.366587, 27.713313], [85.366608, 27.713273], [85.366592, 27.713243], [85.366509, 27.71319], [85.366406, 27.713137], [85.366219, 27.713022], [85.366104, 27.712944], [85.366056, 27.712864], [85.3659, 27.712612], [85.365762, 27.71236], [85.365631, 27.712106], [85.365621, 27.71175], [85.366013, 27.711645], [85.366321, 27.711364], [85.365845, 27.711443], [85.36526, 27.711537], [85.36475, 27.711496], [85.364028, 27.711457], [85.363519, 27.711484], [85.363241, 27.71147], [85.362875, 27.711215], [85.362553, 27.711068], [85.362192, 27.711162], [85.361828, 27.711321], [85.361384, 27.711558], [85.360985, 27.711998], [85.360557, 27.712282], [85.360127, 27.712373], [85.360162, 27.712564], [85.359985, 27.712728], [85.359752, 27.713156], [85.359421, 27.713177], [85.358858, 27.713181], [85.358861, 27.713466], [85.358921, 27.713658], [85.358943, 27.713802], [85.358714, 27.713877], [85.358428, 27.713966], [85.358355, 27.713813], [85.358288, 27.713686], [85.358072, 27.713787], [85.357797, 27.713908], [85.357585, 27.714015], [85.357354, 27.714136], [85.357272, 27.71396], [85.357022, 27.71402], [85.356759, 27.714083], [85.356558, 27.714163], [85.356379, 27.714226], [85.356177, 27.714248], [85.356089, 27.714263], [85.355849, 27.714367], [85.355807, 27.714392], [85.35564, 27.714555], [85.356162, 27.714779], [85.356514, 27.714875], [85.356643, 27.714971], [85.356896, 27.715288], [85.3571, 27.715565], [85.357195, 27.715786], [85.357317, 27.716244], [85.357393, 27.716456], [85.357507, 27.716656], [85.357411, 27.716911], [85.357381, 27.716995], [85.357407, 27.717163], [85.357407, 27.717267], [85.357352, 27.717368], [85.357343, 27.717466], [85.3573, 27.717586], [85.357272, 27.717659], [85.35739, 27.717938], [85.357515, 27.718136], [85.357655, 27.718277], [85.357741, 27.718349], [85.35785, 27.71841], [85.357886, 27.718434], [85.357837, 27.718532], [85.357562, 27.718508], [85.357316, 27.718575], [85.357353, 27.718782], [85.357132, 27.718882], [85.35691, 27.718996], [85.357243, 27.719409], [85.357475, 27.719645], [85.357894, 27.720126], [85.356555, 27.719851], [85.355452, 27.719534], [85.354739, 27.71938], [85.35403, 27.719329], [85.353101, 27.719322], [85.352034, 27.719383], [85.351509, 27.719415], [85.351079, 27.719361], [85.350395, 27.719105], [85.349626, 27.718697], [85.349619, 27.718846], [85.349669, 27.71919], [85.349678, 27.719502], [85.3497, 27.719937], [85.349755, 27.720238], [85.349961, 27.720601], [85.349724, 27.720639], [85.349376, 27.720714], [85.349318, 27.720526], [85.3489, 27.720631], [85.348734, 27.72067], [85.348549, 27.720676], [85.348125, 27.720612], [85.34804, 27.720831], [85.347928, 27.721012], [85.347851, 27.721152], [85.347853, 27.72119], [85.347973, 27.72133], [85.348195, 27.721494], [85.348433, 27.721657], [85.348245, 27.721943], [85.348561, 27.722131], [85.348872, 27.722313], [85.349064, 27.722742], [85.349216, 27.723104], [85.349346, 27.723652], [85.349429, 27.724222], [85.349462, 27.72458], [85.349718, 27.724607], [85.349827, 27.725173], [85.349859, 27.725304], [85.350037, 27.725685], [85.350366, 27.726406], [85.350475, 27.726771], [85.350489, 27.726916]]]]}}, {"type": "Feature", "properties": {"ward_no": 16}, "geometry": {"type": "MultiPolygon", "coordinates": [[[[85.294118, 27.723223], [85.293923, 27.723363], [85.293751, 27.723677], [85.293566, 27.723671], [85.293365, 27.723709], [85.293094, 27.723781], [85.292809, 27.723879], [85.292458, 27.723998], [85.292342, 27.724032], [85.292341, 27.724107], [85.29234, 27.724183], [85.292312, 27.724244], [85.292285, 27.724309], [85.292297, 27.724362], [85.292335, 27.724495], [85.292345, 27.724557], [85.292345, 27.724597], [85.292324, 27.72465], [85.292302, 27.724694], [85.292284, 27.724736], [85.292292, 27.72477], [85.292315, 27.724804], [85.292324, 27.724834], [85.292309, 27.724873], [85.29226, 27.724935], [85.292221, 27.725005], [85.292188, 27.725094], [85.292179, 27.72524], [85.292224, 27.7255], [85.292239, 27.725699], [85.292125, 27.725798], [85.291856, 27.726029], [85.291758, 27.726101], [85.291592, 27.726151], [85.291336, 27.726246], [85.29135, 27.726277], [85.291397, 27.72637], [85.291145, 27.726415], [85.290912, 27.726464], [85.290663, 27.726523], [85.290613, 27.726708], [85.290516, 27.726852], [85.290248, 27.727216], [85.290165, 27.727375], [85.289988, 27.727617], [85.289824, 27.7278], [85.289681, 27.727925], [85.289594, 27.728033], [85.289511, 27.728154], [85.289347, 27.728338], [85.289275, 27.728464], [85.289253, 27.728599], [85.289234, 27.728741], [85.289208, 27.728766], [85.289042, 27.728908], [85.288894, 27.729051], [85.288749, 27.729214], [85.288609, 27.729338], [85.288311, 27.729476], [85.288031, 27.729665], [85.287803, 27.729893], [85.287569, 27.730047], [85.287394, 27.730137], [85.287242, 27.730268], [85.28712, 27.730358], [85.286993, 27.730484], [85.287056, 27.730678], [85.287094, 27.730805], [85.287137, 27.730972], [85.287169, 27.731096], [85.287238, 27.731265], [85.287232, 27.731345], [85.287251, 27.731457], [85.287302, 27.731553], [85.287372, 27.731668], [85.287483, 27.731768], [85.28763, 27.731836], [85.287659, 27.731879], [85.287797, 27.732071], [85.287922, 27.732274], [85.288028, 27.732959], [85.288057, 27.733297], [85.288231, 27.733359], [85.288495, 27.733441], [85.288687, 27.733517], [85.28895, 27.733638], [85.289204, 27.733795], [85.289386, 27.733916], [85.289611, 27.734129], [85.289731, 27.734234], [85.289625, 27.734484], [85.289499, 27.734556], [85.28937, 27.73462], [85.289136, 27.7348], [85.289292, 27.735113], [85.289409, 27.735349], [85.289507, 27.735574], [85.289594, 27.735782], [85.289646, 27.735952], [85.289654, 27.736133], [85.289659, 27.736264], [85.289665, 27.736422], [85.28965, 27.736541], [85.289608, 27.73664], [85.289573, 27.736698], [85.289567, 27.736752], [85.289579, 27.736787], [85.289598, 27.736833], [85.289665, 27.736923], [85.289784, 27.737088], [85.289916, 27.737307], [85.290106, 27.737621], [85.29025, 27.737858], [85.290447, 27.738106], [85.290578, 27.738273], [85.290703, 27.738378], [85.290858, 27.73851], [85.290996, 27.738471], [85.291157, 27.738845], [85.291134, 27.739011], [85.291046, 27.739171], [85.291084, 27.739359], [85.291521, 27.739496], [85.291942, 27.739667], [85.292342, 27.739862], [85.292539, 27.7398], [85.293149, 27.739919], [85.293433, 27.739865], [85.293722, 27.739893], [85.294068, 27.739914], [85.294554, 27.739887], [85.294779, 27.74006], [85.295124, 27.73972], [85.295066, 27.739384], [85.295434, 27.738626], [85.295558, 27.738446], [85.296003, 27.737804], [85.296188, 27.737715], [85.296217, 27.737474], [85.296545, 27.736785], [85.296802, 27.736539], [85.296866, 27.736198], [85.297833, 27.735942], [85.298081, 27.736088], [85.298562, 27.73595], [85.298776, 27.735734], [85.298967, 27.735565], [85.299277, 27.735342], [85.299561, 27.735236], [85.299828, 27.73538], [85.300107, 27.735547], [85.300547, 27.735842], [85.300947, 27.73612], [85.301455, 27.736507], [85.301703, 27.736697], [85.301616, 27.736962], [85.301482, 27.73729], [85.301323, 27.737651], [85.301171, 27.737914], [85.300982, 27.738175], [85.300883, 27.738424], [85.300749, 27.738716], [85.300577, 27.739048], [85.300375, 27.739343], [85.300211, 27.739647], [85.300112, 27.739846], [85.299995, 27.740156], [85.299857, 27.740414], [85.299664, 27.740712], [85.299874, 27.740815], [85.299895, 27.740788], [85.300132, 27.740916], [85.300407, 27.741077], [85.300613, 27.740949], [85.301031, 27.740822], [85.301219, 27.740831], [85.301501, 27.740868], [85.30186, 27.740976], [85.302269, 27.741071], [85.30257, 27.741042], [85.303253, 27.740905], [85.30364, 27.740829], [85.304273, 27.740702], [85.304942, 27.740584], [85.305337, 27.740636], [85.306319, 27.740672], [85.307203, 27.740616], [85.30806, 27.740526], [85.308689, 27.740371], [85.309229, 27.740046], [85.309696, 27.739454], [85.309989, 27.738846], [85.309938, 27.738647], [85.309493, 27.738135], [85.308944, 27.737607], [85.308245, 27.737042], [85.307601, 27.736491], [85.307238, 27.735753], [85.307169, 27.735287], [85.307139, 27.734331], [85.306923, 27.733716], [85.306638, 27.732951], [85.30656, 27.731942], [85.306672, 27.731277], [85.30688, 27.730382], [85.306888, 27.729862], [85.306751, 27.728993], [85.306687, 27.728493], [85.306969, 27.728492], [85.307271, 27.72855], [85.307554, 27.728647], [85.307799, 27.728698], [85.308094, 27.72874], [85.308288, 27.728763], [85.30861, 27.728827], [85.308897, 27.728876], [85.309228, 27.728864], [85.309456, 27.728876], [85.309321, 27.728723], [85.309236, 27.728612], [85.309155, 27.728479], [85.309042, 27.728303], [85.308882, 27.728135], [85.308908, 27.728112], [85.309039, 27.727999], [85.309069, 27.727966], [85.309124, 27.727773], [85.309163, 27.72765], [85.309252, 27.727449], [85.309305, 27.727248], [85.309317, 27.727127], [85.309433, 27.727123], [85.309667, 27.727116], [85.30987, 27.727135], [85.310062, 27.727145], [85.310426, 27.727092], [85.310634, 27.727053], [85.310828, 27.726963], [85.311029, 27.726882], [85.31118, 27.726825], [85.311248, 27.726799], [85.311337, 27.726782], [85.311615, 27.726805], [85.311927, 27.726772], [85.312127, 27.726748], [85.312476, 27.72667], [85.312569, 27.726639], [85.312916, 27.726513], [85.312873, 27.726361], [85.312798, 27.726094], [85.312705, 27.725811], [85.312611, 27.725543], [85.312527, 27.725357], [85.312456, 27.725149], [85.312415, 27.724949], [85.312442, 27.72486], [85.312502, 27.724687], [85.312551, 27.724566], [85.312548, 27.724401], [85.312484, 27.724199], [85.312409, 27.724024], [85.312414, 27.723911], [85.312466, 27.723804], [85.312557, 27.723686], [85.31261, 27.723579], [85.31267, 27.723402], [85.312738, 27.72309], [85.31278, 27.722856], [85.312793, 27.722728], [85.312769, 27.722468], [85.312779, 27.722163], [85.312781, 27.721965], [85.312756, 27.721828], [85.312681, 27.721675], [85.312602, 27.721455], [85.312543, 27.721189], [85.312156, 27.721298], [85.311961, 27.721315], [85.311751, 27.721332], [85.31171, 27.721222], [85.311715, 27.7211], [85.311689, 27.720977], [85.311449, 27.721058], [85.311468, 27.72109], [85.311142, 27.721223], [85.311117, 27.721193], [85.31091, 27.721277], [85.310796, 27.721107], [85.310647, 27.720894], [85.310765, 27.720803], [85.310923, 27.720695], [85.311161, 27.720514], [85.311358, 27.720372], [85.311411, 27.720315], [85.311427, 27.720212], [85.311441, 27.720174], [85.311501, 27.720111], [85.311689, 27.720043], [85.311804, 27.719988], [85.311905, 27.719963], [85.311898, 27.719944], [85.311848, 27.719813], [85.311763, 27.719582], [85.311857, 27.719561], [85.31184, 27.719468], [85.311918, 27.719444], [85.311905, 27.719289], [85.311741, 27.7192], [85.311679, 27.71915], [85.311446, 27.718999], [85.311288, 27.718901], [85.311304, 27.718765], [85.311678, 27.718652], [85.311624, 27.718409], [85.311637, 27.718215], [85.311372, 27.718227], [85.310935, 27.718244], [85.310663, 27.718232], [85.310401, 27.718166], [85.310115, 27.718095], [85.310188, 27.717903], [85.310241, 27.717719], [85.310282, 27.717508], [85.310289, 27.717293], [85.310269, 27.717029], [85.310189, 27.716691], [85.310096, 27.71648], [85.310035, 27.716278], [85.310019, 27.716111], [85.310062, 27.715946], [85.310142, 27.715911], [85.310333, 27.71582], [85.310385, 27.715764], [85.310401, 27.715709], [85.31039, 27.715583], [85.310361, 27.715379], [85.31036, 27.715114], [85.310313, 27.714798], [85.31024, 27.714351], [85.310236, 27.71395], [85.310244, 27.713612], [85.310297, 27.71318], [85.310319, 27.712876], [85.31033, 27.712474], [85.310354, 27.712181], [85.310082, 27.712061], [85.309723, 27.711913], [85.309407, 27.711772], [85.309122, 27.711633], [85.308836, 27.711478], [85.308622, 27.711364], [85.308633, 27.711497], [85.308651, 27.711712], [85.308657, 27.711983], [85.308682, 27.7122], [85.308699, 27.712528], [85.308708, 27.712719], [85.308706, 27.712941], [85.308676, 27.713122], [85.308607, 27.713372], [85.308543, 27.71357], [85.308491, 27.713723], [85.308433, 27.713886], [85.308449, 27.714099], [85.308484, 27.714443], [85.308506, 27.714672], [85.308534, 27.714923], [85.308551, 27.715125], [85.308564, 27.71533], [85.308567, 27.715468], [85.308548, 27.715598], [85.308169, 27.715706], [85.307798, 27.715811], [85.307469, 27.715909], [85.307261, 27.715981], [85.307068, 27.716049], [85.306968, 27.716221], [85.306838, 27.716363], [85.306739, 27.716479], [85.306628, 27.716608], [85.306544, 27.716742], [85.306515, 27.716875], [85.306468, 27.71702], [85.306402, 27.717142], [85.306254, 27.717335], [85.306055, 27.717634], [85.305915, 27.717849], [85.305808, 27.718031], [85.305755, 27.718168], [85.305682, 27.718355], [85.305663, 27.718522], [85.30555, 27.718592], [85.305413, 27.718689], [85.305212, 27.718832], [85.305125, 27.71891], [85.305085, 27.719007], [85.305082, 27.71912], [85.305092, 27.719301], [85.304904, 27.719321], [85.304647, 27.719347], [85.304246, 27.719382], [85.303899, 27.719398], [85.303531, 27.719442], [85.303186, 27.719471], [85.302826, 27.719496], [85.302479, 27.719514], [85.302187, 27.719541], [85.301883, 27.719587], [85.301533, 27.719617], [85.301114, 27.719652], [85.300775, 27.71967], [85.300153, 27.719704], [85.29949, 27.719756], [85.29972, 27.720574], [85.299154, 27.720766], [85.29884, 27.721005], [85.298473, 27.72128], [85.298147, 27.721585], [85.297809, 27.721804], [85.297431, 27.72199], [85.296974, 27.722209], [85.296337, 27.722458], [85.296228, 27.722289], [85.295925, 27.721728], [85.295608, 27.721186], [85.295498, 27.721244], [85.295427, 27.721312], [85.295307, 27.721421], [85.29521, 27.721537], [85.295142, 27.721668], [85.295052, 27.721783], [85.294992, 27.721831], [85.294854, 27.721911], [85.294753, 27.72199], [85.294675, 27.722123], [85.294585, 27.722296], [85.294494, 27.722427], [85.294301, 27.722592], [85.294163, 27.722707], [85.294127, 27.722827], [85.294168, 27.723094], [85.294118, 27.723223]]]]}}, {"type": "Feature", "properties": {"ward_no": 25}, "geometry": {"type": "MultiPolygon", "coordinates": [[[[85.3084, 27.709755], [85.308451, 27.709707], [85.308644, 27.709648], [85.308698, 27.709635], [85.308748, 27.709634], [85.308798, 27.709649], [85.30886, 27.709685], [85.309196, 27.710281], [85.309217, 27.710292], [85.309251, 27.710297], [85.309303, 27.710286], [85.309491, 27.710195], [85.309495, 27.710183], [85.30949, 27.710155], [85.309483, 27.710126], [85.309492, 27.710106], [85.309632, 27.709938], [85.309667, 27.709904], [85.309704, 27.709891], [85.309945, 27.709855], [85.309973, 27.709842], [85.309988, 27.709815], [85.309957, 27.709678], [85.309966, 27.70964], [85.310036, 27.709627], [85.310054, 27.709647], [85.310098, 27.709654], [85.310129, 27.709648], [85.310247, 27.709605], [85.310291, 27.709597], [85.310327, 27.709617], [85.310404, 27.70984], [85.310427, 27.709883], [85.310581, 27.709862], [85.31059, 27.709889], [85.310572, 27.709894], [85.310652, 27.710037], [85.310733, 27.710031], [85.310856, 27.710018], [85.31095, 27.710005], [85.31101, 27.709998], [85.31111, 27.709979], [85.311146, 27.709976], [85.311156, 27.709975], [85.31116, 27.709876], [85.311164, 27.70987], [85.311576, 27.709849], [85.311597, 27.709852], [85.311616, 27.709859], [85.311626, 27.709868], [85.311633, 27.709886], [85.311642, 27.71008], [85.311638, 27.710096], [85.311628, 27.710107], [85.311611, 27.710113], [85.311182, 27.710141], [85.311167, 27.710145], [85.311152, 27.71016], [85.311148, 27.710217], [85.311175, 27.710485], [85.311316, 27.71048], [85.311364, 27.710478], [85.311362, 27.710576], [85.311368, 27.710613], [85.311379, 27.710653], [85.311387, 27.710669], [85.311396, 27.710676], [85.311418, 27.710684], [85.311467, 27.710686], [85.311488, 27.710683], [85.311495, 27.710678], [85.311513, 27.71064], [85.311518, 27.710636], [85.311537, 27.710634], [85.311749, 27.710633], [85.311761, 27.71063], [85.31177, 27.710621], [85.311781, 27.710612], [85.311792, 27.710609], [85.31186, 27.710609], [85.311865, 27.71061], [85.311866, 27.710613], [85.31187, 27.710639], [85.311871, 27.710642], [85.311876, 27.710644], [85.311886, 27.710644], [85.3119, 27.710643], [85.311902, 27.710644], [85.311904, 27.710647], [85.311911, 27.71068], [85.311912, 27.710682], [85.311915, 27.710682], [85.311995, 27.710682], [85.312093, 27.710678], [85.312119, 27.710673], [85.312132, 27.710674], [85.312149, 27.710667], [85.312162, 27.710661], [85.31217, 27.710647], [85.312172, 27.710625], [85.312181, 27.710604], [85.312178, 27.710588], [85.312178, 27.710568], [85.312177, 27.710557], [85.31216, 27.710547], [85.312155, 27.7105], [85.31215, 27.710489], [85.31215, 27.710477], [85.312147, 27.710466], [85.312124, 27.710467], [85.312123, 27.710402], [85.312216, 27.710389], [85.31221, 27.710313], [85.312205, 27.710057], [85.312185, 27.709825], [85.312162, 27.709569], [85.312122, 27.709282], [85.312057, 27.708936], [85.311983, 27.708586], [85.311937, 27.708397], [85.311819, 27.708352], [85.311793, 27.70831], [85.311896, 27.708041], [85.312038, 27.707801], [85.312095, 27.70766], [85.312127, 27.7075], [85.312112, 27.707405], [85.311982, 27.707299], [85.311728, 27.707164], [85.311693, 27.707149], [85.31164, 27.706909], [85.311717, 27.706884], [85.311646, 27.706626], [85.311655, 27.706559], [85.311679, 27.70652], [85.311746, 27.706485], [85.311882, 27.706431], [85.312072, 27.706387], [85.312147, 27.706372], [85.312235, 27.70635], [85.312227, 27.706287], [85.312186, 27.706183], [85.312149, 27.7061], [85.312087, 27.706013], [85.312056, 27.705868], [85.312001, 27.705815], [85.311924, 27.705766], [85.311878, 27.705699], [85.311817, 27.705635], [85.311616, 27.705675], [85.311649, 27.705836], [85.311059, 27.705958], [85.311084, 27.706071], [85.310854, 27.706132], [85.310839, 27.706024], [85.310707, 27.70605], [85.310683, 27.705998], [85.310397, 27.706008], [85.31031, 27.705974], [85.310279, 27.705864], [85.310116, 27.705886], [85.310099, 27.705842], [85.309956, 27.705867], [85.309967, 27.705904], [85.309632, 27.705961], [85.309543, 27.705908], [85.309637, 27.706195], [85.309775, 27.7068], [85.309803, 27.70693], [85.309845, 27.707089], [85.309812, 27.707097], [85.309798, 27.70709], [85.309787, 27.707072], [85.309755, 27.707078], [85.309747, 27.707098], [85.30974, 27.707135], [85.309698, 27.707152], [85.309706, 27.707191], [85.309732, 27.707285], [85.309754, 27.707363], [85.309751, 27.707378], [85.309715, 27.707396], [85.3097, 27.707383], [85.309687, 27.707376], [85.309652, 27.707389], [85.309653, 27.707415], [85.30968, 27.707474], [85.309704, 27.707505], [85.309761, 27.707509], [85.309768, 27.707513], [85.309776, 27.707552], [85.309802, 27.707639], [85.309832, 27.707651], [85.309848, 27.707665], [85.309821, 27.707719], [85.309797, 27.707765], [85.309752, 27.707779], [85.309652, 27.707764], [85.309472, 27.707811], [85.309477, 27.707825], [85.309452, 27.707838], [85.309433, 27.707824], [85.309398, 27.7078], [85.309377, 27.707794], [85.309359, 27.707789], [85.309353, 27.707764], [85.309341, 27.707735], [85.309318, 27.707733], [85.309307, 27.707712], [85.309319, 27.707687], [85.309332, 27.707665], [85.309307, 27.707639], [85.309253, 27.707632], [85.309217, 27.707624], [85.309168, 27.707591], [85.30912, 27.707582], [85.309064, 27.707576], [85.308878, 27.707617], [85.308813, 27.707639], [85.308818, 27.707717], [85.308813, 27.707795], [85.308829, 27.707872], [85.308858, 27.707994], [85.308829, 27.708008], [85.30876, 27.708022], [85.308695, 27.70798], [85.30869, 27.707952], [85.308652, 27.70796], [85.308637, 27.707953], [85.308608, 27.707936], [85.3086, 27.707906], [85.308579, 27.707828], [85.308557, 27.707824], [85.308494, 27.707834], [85.308301, 27.70788], [85.308055, 27.707939], [85.307921, 27.707971], [85.307899, 27.707992], [85.307893, 27.708025], [85.30791, 27.708098], [85.30792, 27.708147], [85.307881, 27.708159], [85.307816, 27.708172], [85.307763, 27.708195], [85.307717, 27.708245], [85.307701, 27.708309], [85.307684, 27.708374], [85.307642, 27.708407], [85.307747, 27.708731], [85.307834, 27.708712], [85.307862, 27.708726], [85.307883, 27.708724], [85.307897, 27.708756], [85.307938, 27.708758], [85.30799, 27.708763], [85.30799, 27.708782], [85.308032, 27.708782], [85.308081, 27.708778], [85.308089, 27.708819], [85.308094, 27.70889], [85.308083, 27.708988], [85.308084, 27.709017], [85.308112, 27.709029], [85.308122, 27.709077], [85.308145, 27.709111], [85.308183, 27.709104], [85.308284, 27.709099], [85.308318, 27.709131], [85.30834, 27.709219], [85.308365, 27.709337], [85.308396, 27.709375], [85.30841, 27.709518], [85.308394, 27.709701], [85.308398, 27.709723], [85.3084, 27.709755]]]]}}, {"type": "Feature", "properties": {"ward_no": 17}, "geometry": {"type": "MultiPolygon", "coordinates": [[[[85.310354, 27.712181], [85.310486, 27.712219], [85.310513, 27.712231], [85.310587, 27.712258], [85.310693, 27.712289], [85.310765, 27.712306], [85.310879, 27.712319], [85.311171, 27.712332], [85.311173, 27.712385], [85.311482, 27.712376], [85.31151, 27.712372], [85.311546, 27.712359], [85.311567, 27.712343], [85.311589, 27.712313], [85.311589, 27.712141], [85.31158, 27.712107], [85.311549, 27.712009], [85.311548, 27.711973], [85.311553, 27.711941], [85.311577, 27.711926], [85.311612, 27.71191], [85.311646, 27.711877], [85.311655, 27.711863], [85.311676, 27.71183], [85.31168, 27.711804], [85.31169, 27.711717], [85.311702, 27.711656], [85.311717, 27.711624], [85.311765, 27.711577], [85.311838, 27.711545], [85.311827, 27.711501], [85.311832, 27.711461], [85.311827, 27.711354], [85.311848, 27.711346], [85.311834, 27.71106], [85.312189, 27.711036], [85.312217, 27.711039], [85.312235, 27.710899], [85.312244, 27.710718], [85.312222, 27.710454], [85.312216, 27.710389], [85.312123, 27.710402], [85.312124, 27.710467], [85.312147, 27.710466], [85.31215, 27.710477], [85.31215, 27.710489], [85.312155, 27.7105], [85.31216, 27.710547], [85.312177, 27.710557], [85.312178, 27.710568], [85.312178, 27.710588], [85.312181, 27.710604], [85.312172, 27.710625], [85.31217, 27.710647], [85.312162, 27.710661], [85.312149, 27.710667], [85.312132, 27.710674], [85.312119, 27.710673], [85.312093, 27.710678], [85.311995, 27.710682], [85.311915, 27.710682], [85.311912, 27.710682], [85.311911, 27.71068], [85.311904, 27.710647], [85.311902, 27.710644], [85.3119, 27.710643], [85.311886, 27.710644], [85.311876, 27.710644], [85.311871, 27.710642], [85.31187, 27.710639], [85.311866, 27.710613], [85.311865, 27.71061], [85.31186, 27.710609], [85.311792, 27.710609], [85.311781, 27.710612], [85.31177, 27.710621], [85.311761, 27.71063], [85.311749, 27.710633], [85.311537, 27.710634], [85.311518, 27.710636], [85.311513, 27.71064], [85.311495, 27.710678], [85.311488, 27.710683], [85.311467, 27.710686], [85.311418, 27.710684], [85.311396, 27.710676], [85.311387, 27.710669], [85.311379, 27.710653], [85.311368, 27.710613], [85.311362, 27.710576], [85.311364, 27.710478], [85.311316, 27.71048], [85.311175, 27.710485], [85.311148, 27.710217], [85.311152, 27.71016], [85.311167, 27.710145], [85.311182, 27.710141], [85.311611, 27.710113], [85.311628, 27.710107], [85.311638, 27.710096], [85.311642, 27.71008], [85.311633, 27.709886], [85.311626, 27.709868], [85.311616, 27.709859], [85.311597, 27.709852], [85.311576, 27.709849], [85.311164, 27.70987], [85.31116, 27.709876], [85.311156, 27.709975], [85.311146, 27.709976], [85.31111, 27.709979], [85.31101, 27.709998], [85.31095, 27.710005], [85.310856, 27.710018], [85.310733, 27.710031], [85.310652, 27.710037], [85.310572, 27.709894], [85.31059, 27.709889], [85.310581, 27.709862], [85.310427, 27.709883], [85.310404, 27.70984], [85.310327, 27.709617], [85.310291, 27.709597], [85.310247, 27.709605], [85.310129, 27.709648], [85.310098, 27.709654], [85.310054, 27.709647], [85.310036, 27.709627], [85.309966, 27.70964], [85.309957, 27.709678], [85.309988, 27.709815], [85.309973, 27.709842], [85.309945, 27.709855], [85.309704, 27.709891], [85.309667, 27.709904], [85.309632, 27.709938], [85.309492, 27.710106], [85.309483, 27.710126], [85.30949, 27.710155], [85.309495, 27.710183], [85.309491, 27.710195], [85.309303, 27.710286], [85.309251, 27.710297], [85.309217, 27.710292], [85.309196, 27.710281], [85.30886, 27.709685], [85.308798, 27.709649], [85.308748, 27.709634], [85.308698, 27.709635], [85.308644, 27.709648], [85.308451, 27.709707], [85.3084, 27.709755], [85.308388, 27.709853], [85.308336, 27.709944], [85.308249, 27.709993], [85.308177, 27.709999], [85.308123, 27.709836], [85.307964, 27.70987], [85.30754, 27.709979], [85.307255, 27.710073], [85.307099, 27.710084], [85.306981, 27.710033], [85.30686, 27.709984], [85.306718, 27.709972], [85.306458, 27.709981], [85.306146, 27.710019], [85.305981, 27.710017], [85.305945, 27.710028], [85.305959, 27.710437], [85.30596, 27.710713], [85.305971, 27.710824], [85.305749, 27.710808], [85.305637, 27.710815], [85.305624, 27.710746], [85.305604, 27.710729], [85.305569, 27.710711], [85.305565, 27.710695], [85.305511, 27.710699], [85.305392, 27.71071], [85.305328, 27.710733], [85.305271, 27.710799], [85.305302, 27.710881], [85.305334, 27.710987], [85.305273, 27.711041], [85.305237, 27.711078], [85.305151, 27.711064], [85.305048, 27.711019], [85.304967, 27.710987], [85.304861, 27.711003], [85.304791, 27.71104], [85.304725, 27.711084], [85.304611, 27.71106], [85.304483, 27.711061], [85.304362, 27.711062], [85.304146, 27.711047], [85.304046, 27.711065], [85.304008, 27.71111], [85.303932, 27.711124], [85.303918, 27.711157], [85.303715, 27.711157], [85.303474, 27.711152], [85.303058, 27.711096], [85.302653, 27.711048], [85.302515, 27.711024], [85.30228, 27.712566], [85.302051, 27.7137], [85.301923, 27.71455], [85.301576, 27.715189], [85.300853, 27.716015], [85.300167, 27.716687], [85.299683, 27.717303], [85.299408, 27.718048], [85.299298, 27.718428], [85.29949, 27.719756], [85.300153, 27.719704], [85.300775, 27.71967], [85.301114, 27.719652], [85.301533, 27.719617], [85.301883, 27.719587], [85.302187, 27.719541], [85.302479, 27.719514], [85.302826, 27.719496], [85.303186, 27.719471], [85.303531, 27.719442], [85.303899, 27.719398], [85.304246, 27.719382], [85.304647, 27.719347], [85.304904, 27.719321], [85.305092, 27.719301], [85.305082, 27.71912], [85.305085, 27.719007], [85.305125, 27.71891], [85.305212, 27.718832], [85.305413, 27.718689], [85.30555, 27.718592], [85.305663, 27.718522], [85.305682, 27.718355], [85.305755, 27.718168], [85.305808, 27.718031], [85.305915, 27.717849], [85.306055, 27.717634], [85.306254, 27.717335], [85.306402, 27.717142], [85.306468, 27.71702], [85.306515, 27.716875], [85.306544, 27.716742], [85.306628, 27.716608], [85.306739, 27.716479], [85.306838, 27.716363], [85.306968, 27.716221], [85.307068, 27.716049], [85.307261, 27.715981], [85.307469, 27.715909], [85.307798, 27.715811], [85.308169, 27.715706], [85.308548, 27.715598], [85.308567, 27.715468], [85.308564, 27.71533], [85.308551, 27.715125], [85.308534, 27.714923], [85.308506, 27.714672], [85.308484, 27.714443], [85.308449, 27.714099], [85.308433, 27.713886], [85.308491, 27.713723], [85.308543, 27.71357], [85.308607, 27.713372], [85.308676, 27.713122], [85.308706, 27.712941], [85.308708, 27.712719], [85.308699, 27.712528], [85.308682, 27.7122], [85.308657, 27.711983], [85.308651, 27.711712], [85.308633, 27.711497], [85.308622, 27.711364], [85.308836, 27.711478], [85.309122, 27.711633], [85.309407, 27.711772], [85.309723, 27.711913], [85.310082, 27.712061], [85.310354, 27.712181]]]]}}, {"type": "Feature", "properties": {"ward_no": 26}, "geometry": {"type": "MultiPolygon", "coordinates": [[[[85.307169, 27.735287], [85.310522, 27.734775], [85.312248, 27.734849], [85.314272, 27.734952], [85.31636, 27.735032], [85.317753, 27.73509], [85.317701, 27.734736], [85.317664, 27.734447], [85.317598, 27.734134], [85.317563, 27.733972], [85.317566, 27.733795], [85.31762, 27.733589], [85.317592, 27.733391], [85.317614, 27.733204], [85.317641, 27.732947], [85.317691, 27.732537], [85.317737, 27.732247], [85.31783, 27.731897], [85.317858, 27.731667], [85.31788, 27.731388], [85.317894, 27.731157], [85.317944, 27.73091], [85.317941, 27.730677], [85.3179, 27.730405], [85.31788, 27.730155], [85.317796, 27.730007], [85.317652, 27.729777], [85.317543, 27.729568], [85.317391, 27.729363], [85.317204, 27.729232], [85.317055, 27.729114], [85.316945, 27.729026], [85.316913, 27.728946], [85.31702, 27.728859], [85.317283, 27.729011], [85.317593, 27.729208], [85.317784, 27.729363], [85.317998, 27.729669], [85.318113, 27.729796], [85.318256, 27.72981], [85.318386, 27.729836], [85.318579, 27.729923], [85.31885, 27.729996], [85.319, 27.729843], [85.319152, 27.729672], [85.319367, 27.729435], [85.319542, 27.729247], [85.319768, 27.729085], [85.319969, 27.728961], [85.320394, 27.728749], [85.320664, 27.72866], [85.320932, 27.728576], [85.321141, 27.728519], [85.321166, 27.728492], [85.321174, 27.72833], [85.32115, 27.728086], [85.321121, 27.727929], [85.321101, 27.727785], [85.321096, 27.727687], [85.321117, 27.727621], [85.321059, 27.72751], [85.320851, 27.727347], [85.320777, 27.727263], [85.320761, 27.727128], [85.320691, 27.727039], [85.32054, 27.726913], [85.320443, 27.726803], [85.320418, 27.726756], [85.320467, 27.726677], [85.320684, 27.726514], [85.320738, 27.726406], [85.320662, 27.726244], [85.320633, 27.726141], [85.32081, 27.725965], [85.32099, 27.725871], [85.321246, 27.725783], [85.321342, 27.72575], [85.321362, 27.725546], [85.32141, 27.725444], [85.321454, 27.725302], [85.321472, 27.725195], [85.321423, 27.724957], [85.322047, 27.724733], [85.321993, 27.724712], [85.321961, 27.724679], [85.32195, 27.72463], [85.322002, 27.724539], [85.322036, 27.724389], [85.321996, 27.724228], [85.321898, 27.724107], [85.321741, 27.72404], [85.321526, 27.724052], [85.321305, 27.724091], [85.321173, 27.724083], [85.320837, 27.724018], [85.320654, 27.72397], [85.320357, 27.723918], [85.320175, 27.723816], [85.319953, 27.723747], [85.319788, 27.723739], [85.319619, 27.723699], [85.319559, 27.723667], [85.31952, 27.723561], [85.319435, 27.723152], [85.318917, 27.72331], [85.318882, 27.72321], [85.318751, 27.722834], [85.31863, 27.722531], [85.318444, 27.72207], [85.318736, 27.721977], [85.318575, 27.721418], [85.317908, 27.721615], [85.317808, 27.721313], [85.317803, 27.720895], [85.317738, 27.720677], [85.3176, 27.720332], [85.317444, 27.719722], [85.317421, 27.719366], [85.317406, 27.718785], [85.317423, 27.718409], [85.317101, 27.718057], [85.316972, 27.717953], [85.316559, 27.717553], [85.316162, 27.717129], [85.315934, 27.716969], [85.315997, 27.716806], [85.315978, 27.716479], [85.315744, 27.715372], [85.315389, 27.713669], [85.31433, 27.71386], [85.313833, 27.713937], [85.313242, 27.714019], [85.312655, 27.71415], [85.312439, 27.714201], [85.312372, 27.713856], [85.312309, 27.713533], [85.312245, 27.713126], [85.312188, 27.712778], [85.31217, 27.712441], [85.31213, 27.712144], [85.31214, 27.711913], [85.312145, 27.711621], [85.312191, 27.711371], [85.312208, 27.711112], [85.312217, 27.711039], [85.312189, 27.711036], [85.311834, 27.71106], [85.311848, 27.711346], [85.311827, 27.711354], [85.311832, 27.711461], [85.311827, 27.711501], [85.311838, 27.711545], [85.311765, 27.711577], [85.311717, 27.711624], [85.311702, 27.711656], [85.31169, 27.711717], [85.31168, 27.711804], [85.311676, 27.71183], [85.311655, 27.711863], [85.311646, 27.711877], [85.311612, 27.71191], [85.311577, 27.711926], [85.311553, 27.711941], [85.311548, 27.711973], [85.311549, 27.712009], [85.31158, 27.712107], [85.311589, 27.712141], [85.311589, 27.712313], [85.311567, 27.712343], [85.311546, 27.712359], [85.31151, 27.712372], [85.311482, 27.712376], [85.311173, 27.712385], [85.311171, 27.712332], [85.310879, 27.712319], [85.310765, 27.712306], [85.310693, 27.712289], [85.310587, 27.712258], [85.310513, 27.712231], [85.310486, 27.712219], [85.310354, 27.712181], [85.31033, 27.712474], [85.310319, 27.712876], [85.310297, 27.71318], [85.310244, 27.713612], [85.310236, 27.71395], [85.31024, 27.714351], [85.310313, 27.714798], [85.31036, 27.715114], [85.310361, 27.715379], [85.31039, 27.715583], [85.310401, 27.715709], [85.310385, 27.715764], [85.310333, 27.71582], [85.310142, 27.715911], [85.310062, 27.715946], [85.310019, 27.716111], [85.310035, 27.716278], [85.310096, 27.71648], [85.310189, 27.716691], [85.310269, 27.717029], [85.310289, 27.717293], [85.310282, 27.717508], [85.310241, 27.717719], [85.310188, 27.717903], [85.310115, 27.718095], [85.310401, 27.718166], [85.310663, 27.718232], [85.310935, 27.718244], [85.311372, 27.718227], [85.311637, 27.718215], [85.311624, 27.718409], [85.311678, 27.718652], [85.311304, 27.718765], [85.311288, 27.718901], [85.311446, 27.718999], [85.311679, 27.71915], [85.311741, 27.7192], [85.311905, 27.719289], [85.311918, 27.719444], [85.31184, 27.719468], [85.311857, 27.719561], [85.311763, 27.719582], [85.311848, 27.719813], [85.311898, 27.719944], [85.311905, 27.719963], [85.311804, 27.719988], [85.311689, 27.720043], [85.311501, 27.720111], [85.311441, 27.720174], [85.311427, 27.720212], [85.311411, 27.720315], [85.311358, 27.720372], [85.311161, 27.720514], [85.310923, 27.720695], [85.310765, 27.720803], [85.310647, 27.720894], [85.310796, 27.721107], [85.31091, 27.721277], [85.311117, 27.721193], [85.311142, 27.721223], [85.311468, 27.72109], [85.311449, 27.721058], [85.311689, 27.720977], [85.311715, 27.7211], [85.31171, 27.721222], [85.311751, 27.721332], [85.311961, 27.721315], [85.312156, 27.721298], [85.312543, 27.721189], [85.312602, 27.721455], [85.312681, 27.721675], [85.312756, 27.721828], [85.312781, 27.721965], [85.312779, 27.722163], [85.312769, 27.722468], [85.312793, 27.722728], [85.31278, 27.722856], [85.312738, 27.72309], [85.31267, 27.723402], [85.31261, 27.723579], [85.312557, 27.723686], [85.312466, 27.723804], [85.312414, 27.723911], [85.312409, 27.724024], [85.312484, 27.724199], [85.312548, 27.724401], [85.312551, 27.724566], [85.312502, 27.724687], [85.312442, 27.72486], [85.312415, 27.724949], [85.312456, 27.725149], [85.312527, 27.725357], [85.312611, 27.725543], [85.312705, 27.725811], [85.312798, 27.726094], [85.312873, 27.726361], [85.312916, 27.726513], [85.312569, 27.726639], [85.312476, 27.72667], [85.312127, 27.726748], [85.311927, 27.726772], [85.311615, 27.726805], [85.311337, 27.726782], [85.311248, 27.726799], [85.31118, 27.726825], [85.311029, 27.726882], [85.310828, 27.726963], [85.310634, 27.727053], [85.310426, 27.727092], [85.310062, 27.727145], [85.30987, 27.727135], [85.309667, 27.727116], [85.309433, 27.727123], [85.309317, 27.727127], [85.309305, 27.727248], [85.309252, 27.727449], [85.309163, 27.72765], [85.309124, 27.727773], [85.309069, 27.727966], [85.309039, 27.727999], [85.308908, 27.728112], [85.308882, 27.728135], [85.309042, 27.728303], [85.309155, 27.728479], [85.309236, 27.728612], [85.309321, 27.728723], [85.309456, 27.728876], [85.309228, 27.728864], [85.308897, 27.728876], [85.30861, 27.728827], [85.308288, 27.728763], [85.308094, 27.72874], [85.307799, 27.728698], [85.307554, 27.728647], [85.307271, 27.72855], [85.306969, 27.728492], [85.306687, 27.728493], [85.306751, 27.728993], [85.306888, 27.729862], [85.30688, 27.730382], [85.306672, 27.731277], [85.30656, 27.731942], [85.306638, 27.732951], [85.306923, 27.733716], [85.307139, 27.734331], [85.307169, 27.735287]]]]}}]}